0 0 0 0 0 0 0 0 0 0 0 0 0 0 0 0 0 0 0 0 0 0 0 0 0 0 0 0 0 0 0 0 0 0 0 0 0 0 0 0 0 0 0 0 0 0 0 0 0 0 0 0 0 0 0 0 0 0 0 0 0 0 0 0 0 0 0 0 0 0 0 0 0 0 0 0 0 0 0 0 0 0 0 0 0 0 0 0 0 0 0 0 0 0 0 0 0 0 0 0 0 0 0 0 0 0 0 0 0 0 0 0 0 0 0 0 0 0 0 0 0 0 0 0 0 0 0 0 0 0 0 0 0 0 0 0 0 0 0 0 0 0 0 0 0 0 0 0 0 0 0 0 0 0 0 0 0 0 0 11 203 229 32 0 0 0 0 0 0 0 0 0 0 0 0 0 0 0 0 0 0 0 0 26 47 47 30 95 254 215 13 0 0 0 0 0 0 0 0 0 0 0 0 0 0 0 0 45 154 185 185 223 253 253 133 175 255 188 19 0 0 0 0 0 0 0 0 0 0 0 0 0 0 0 0 110 253 253 253 246 161 228 253 253 254 92 0 0 0 0 0 0 0 0 0 0 0 0 0 0 0 0 128 245 253 158 137 21 0 48 233 253 233 8 0 0 0 0 0 0 0 0 0 0 0 0 0 0 0 0 139 254 223 25 0 0 36 170 254 244 106 0 0 0 0 0 0 0 0 0 0 0 0 0 0 0 0 0 55 212 253 161 11 26 178 253 236 113 0 0 0 0 0 0 0 0 0 0 0 0 0 0 0 0 0 0 7 155 253 228 80 223 253 253 109 0 0 0 0 0 0 0 0 0 0 0 0 0 0 0 0 0 0 0 0 141 253 253 253 254 253 154 29 0 0 0 0 0 0 0 0 0 0 0 0 0 0 0 0 0 0 0 0 110 253 253 253 254 179 38 0 0 0 0 0 0 0 0 0 0 0 0 0 0 0 0 0 0 0 0 3 171 254 254 254 179 0 0 0 0 0 0 0 0 0 0 0 0 0 0 0 0 0 0 0 0 0 0 171 253 253 253 253 178 0 0 0 0 0 0 0 0 0 0 0 0 0 0 0 0 0 0 0 0 26 123 254 253 203 156 253 200 0 0 0 0 0 0 0 0 0 0 0 0 0 0 0 0 0 0 0 0 93 253 254 121 13 93 253 158 0 0 0 0 0 0 0 0 0 0 0 0 0 0 0 0 0 0 0 64 239 253 76 8 32 219 253 126 0 0 0 0 0 0 0 0 0 0 0 0 0 0 0 0 0 0 0 133 254 191 0 5 108 234 254 106 0 0 0 0 0 0 0 0 0 0 0 0 0 0 0 0 0 0 0 132 253 190 5 85 253 236 154 0 0 0 0 0 0 0 0 0 0 0 0 0 0 0 0 0 0 0 0 153 253 169 192 253 253 77 0 0 0 0 0 0 0 0 0 0 0 0 0 0 0 0 0 0 0 0 0 112 253 253 254 236 129 9 0 0 0 0 0 0 0 0 0 0 0 0 0 0 0 0 0 0 0 0 0 17 118 243 191 113 0 0 0 0 0 0 0 0 0 0 0 0 0 0 0 0 0 0 0 0 0 0 0 0 0 0 0 0 0 0 0 0 0 0 0 0 0 0 0 0 0 0 0 0 0 0 0 0 0 0 0 0 0 0 0 0 0 0 0 0 0 0 0 0 0 0 0 0 0 0 0 0 0 0 0 0 0 0 0 0 0 0 0 0 0 0 0 0 0 0 0 0 0 0 0 0 0 0 0 0 
0 0 0 0 0 0 0 0 0 0 0 0 0 0 0 0 0 0 0 0 0 0 0 0 0 0 0 0 0 0 0 0 0 0 0 0 0 0 0 0 0 0 0 0 0 0 0 0 0 0 0 0 0 0 0 0 0 0 0 0 0 0 0 0 0 0 0 0 0 0 0 0 0 0 0 0 0 0 0 0 0 0 0 0 0 0 0 0 0 0 0 0 0 0 0 0 0 0 0 0 0 0 0 0 0 0 0 0 0 0 0 0 0 0 0 0 0 0 0 0 0 0 0 0 0 0 0 0 0 0 0 0 0 0 0 0 0 0 0 0 0 0 0 0 0 0 0 0 0 0 0 0 0 42 154 180 255 176 118 118 16 0 0 0 0 0 0 0 0 0 0 0 0 0 0 0 0 0 0 0 0 142 253 253 253 253 253 253 236 103 0 0 0 0 0 0 0 0 0 0 0 0 0 0 0 0 0 0 0 227 253 253 204 177 177 177 243 191 0 0 0 0 0 0 0 0 0 0 0 0 0 0 0 0 0 0 0 227 253 216 22 0 0 23 227 238 96 21 0 0 0 0 0 0 0 0 0 0 0 0 0 0 0 0 0 227 253 205 0 0 17 124 253 253 253 170 0 0 0 0 0 0 0 0 0 0 0 0 0 0 0 0 0 227 253 234 62 18 201 253 253 253 251 90 0 0 0 0 0 0 0 0 0 0 0 0 0 0 0 0 0 227 253 253 253 253 253 253 253 221 103 0 0 0 0 0 0 0 0 0 0 0 0 0 0 0 0 0 0 227 253 253 253 253 253 208 24 5 0 0 0 0 0 0 0 0 0 0 0 0 0 0 0 0 0 0 39 236 253 253 253 251 97 16 0 0 0 0 0 0 0 0 0 0 0 0 0 0 0 0 0 0 4 69 224 253 253 240 169 46 0 0 0 0 0 0 0 0 0 0 0 0 0 0 0 0 0 0 0 33 134 253 253 253 253 105 0 0 0 0 0 0 0 0 0 0 0 0 0 0 0 0 0 0 0 0 51 225 253 253 253 253 253 68 0 0 0 0 0 0 0 0 0 0 0 0 0 0 0 0 0 0 0 48 227 253 253 250 174 253 253 68 0 0 0 0 0 0 0 0 0 0 0 0 0 0 0 0 0 0 0 213 253 253 179 63 111 253 253 68 0 0 0 0 0 0 0 0 0 0 0 0 0 0 0 0 0 0 92 251 201 13 5 0 166 253 253 68 0 0 0 0 0 0 0 0 0 0 0 0 0 0 0 0 0 39 222 253 198 0 0 0 248 253 231 46 0 0 0 0 0 0 0 0 0 0 0 0 0 0 0 0 0 54 243 253 124 0 38 133 252 253 150 0 0 0 0 0 0 0 0 0 0 0 0 0 0 0 0 0 0 118 253 253 237 179 223 253 253 190 14 0 0 0 0 0 0 0 0 0 0 0 0 0 0 0 0 0 0 44 230 253 253 253 253 253 244 76 0 0 0 0 0 0 0 0 0 0 0 0 0 0 0 0 0 0 0 0 45 231 253 253 253 182 66 0 0 0 0 0 0 0 0 0 0 0 0 0 0 0 0 0 0 0 0 0 0 0 0 0 0 0 0 0 0 0 0 0 0 0 0 0 0 0 0 0 0 0 0 0 0 0 0 0 0 0 0 0 0 0 0 0 0 0 0 0 0 0 0 0 0 0 0 0 0 0 0 0 0 0 0 0 0 0 0 0 0 0 0 0 0 0 0 0 0 0 0 0 0 0 0 0 0 0 
0 0 0 0 0 0 0 0 0 0 0 0 0 0 0 0 0 0 0 0 0 0 0 0 0 0 0 0 0 0 0 0 0 0 0 0 0 0 0 0 0 0 0 0 0 0 0 0 0 0 0 0 0 0 0 0 0 0 0 0 0 0 0 0 0 0 0 0 0 0 0 0 0 0 0 0 0 0 0 0 0 0 0 0 0 0 0 0 0 0 0 0 0 0 0 0 0 0 0 0 0 0 0 0 0 0 0 0 0 0 0 0 0 0 0 0 0 0 0 0 0 0 0 0 0 0 0 0 0 0 0 116 244 114 0 0 0 0 0 0 0 0 0 0 0 0 0 0 0 0 0 0 0 0 43 47 47 34 0 116 253 206 0 0 0 0 0 0 0 0 0 0 0 0 0 0 0 0 0 0 19 164 246 253 252 234 33 116 253 174 0 0 0 0 0 0 0 0 0 0 0 0 0 0 0 0 0 60 188 252 252 253 252 252 45 210 234 17 0 0 0 0 0 0 0 0 0 0 0 0 0 0 0 0 74 244 252 252 147 148 210 22 140 250 230 0 0 0 0 0 0 0 0 0 0 0 0 0 0 0 0 0 255 253 205 21 0 64 140 169 233 253 158 0 0 0 0 0 0 0 0 0 0 0 0 0 0 0 0 0 253 252 154 9 0 0 68 252 252 178 0 0 0 0 0 0 0 0 0 0 0 0 0 0 0 0 0 0 137 252 252 196 48 49 228 252 227 48 0 0 0 0 0 0 0 0 0 0 0 0 0 0 0 0 0 0 5 177 252 252 232 233 252 227 50 0 0 0 0 0 0 0 0 0 0 0 0 0 0 0 0 0 0 0 0 15 137 252 252 253 231 48 0 0 0 0 0 0 0 0 0 0 0 0 0 0 0 0 0 0 0 0 0 0 81 253 253 255 207 0 0 0 0 0 0 0 0 0 0 0 0 0 0 0 0 0 0 0 0 0 0 51 228 252 231 232 236 44 0 0 0 0 0 0 0 0 0 0 0 0 0 0 0 0 0 0 0 0 49 228 252 227 48 138 252 152 0 0 0 0 0 0 0 0 0 0 0 0 0 0 0 0 0 0 0 0 233 252 227 50 0 138 252 208 17 0 0 0 0 0 0 0 0 0 0 0 0 0 0 0 0 0 0 158 253 252 79 0 0 138 252 221 25 0 0 0 0 0 0 0 0 0 0 0 0 0 0 0 0 0 93 253 255 144 0 0 0 149 253 173 0 0 0 0 0 0 0 0 0 0 0 0 0 0 0 0 0 0 166 252 249 75 0 0 43 253 223 25 0 0 0 0 0 0 0 0 0 0 0 0 0 0 0 0 0 0 207 252 237 70 70 112 246 253 174 0 0 0 0 0 0 0 0 0 0 0 0 0 0 0 0 0 0 0 165 252 253 252 252 252 252 150 17 0 0 0 0 0 0 0 0 0 0 0 0 0 0 0 0 0 0 0 51 137 253 252 200 210 32 0 0 0 0 0 0 0 0 0 0 0 0 0 0 0 0 0 0 0 0 0 0 0 0 0 0 0 0 0 0 0 0 0 0 0 0 0 0 0 0 0 0 0 0 0 0 0 0 0 0 0 0 0 0 0 0 0 0 0 0 0 0 0 0 0 0 0 0 0 0 0 0 0 0 0 0 0 0 0 0 0 0 0 0 0 0 0 0 0 0 0 0 0 0 0 0 0 0 0 0 0 0 0 0 0 0 0 0 0 0 0 0 0 0 0 0 0 0 0 0 0 0 0 0 0 
0 0 0 0 0 0 0 0 0 0 0 0 0 0 0 0 0 0 0 0 0 0 0 0 0 0 0 0 0 0 0 0 0 0 0 0 0 0 0 0 0 0 0 0 0 0 0 0 0 0 0 0 0 0 0 0 0 0 0 0 0 0 0 0 0 0 0 0 0 0 0 0 0 0 0 0 0 0 0 0 0 0 0 0 0 0 0 0 0 0 0 0 0 0 0 0 0 0 0 0 0 0 0 0 0 0 0 0 0 0 0 0 0 0 0 0 0 0 0 0 0 0 0 0 0 0 0 0 0 0 0 0 0 0 0 0 0 0 0 0 0 0 0 0 0 0 0 0 0 0 0 0 2 152 203 181 141 58 17 0 0 0 0 0 0 0 0 0 0 0 0 0 0 0 0 0 0 0 0 0 0 40 172 247 188 232 234 35 0 0 0 0 0 0 0 0 0 0 0 0 0 0 0 0 0 0 17 82 101 143 252 245 67 35 225 214 0 0 0 0 0 0 0 0 0 0 0 0 0 0 0 0 5 132 237 254 254 254 254 254 243 80 210 248 35 0 0 0 0 0 0 0 0 0 0 0 0 0 0 0 163 251 211 107 23 36 120 240 246 98 218 143 0 0 0 0 0 0 0 0 0 0 0 0 0 0 0 47 251 166 0 0 0 0 0 16 43 189 212 25 0 0 0 0 0 0 0 0 0 0 0 0 0 0 0 40 250 214 14 0 0 0 0 10 148 250 99 0 0 0 0 0 0 0 0 0 0 0 0 0 0 0 0 0 137 254 234 103 6 0 0 154 225 85 0 0 0 0 0 0 0 0 0 0 0 0 0 0 0 0 0 0 3 44 195 254 184 24 129 235 35 0 0 0 0 0 0 0 0 0 0 0 0 0 0 0 0 0 0 0 0 0 0 101 240 254 254 66 0 0 0 0 0 0 0 0 0 0 0 0 0 0 0 0 0 0 0 0 0 0 0 0 172 254 254 108 0 0 0 0 0 0 0 0 0 0 0 0 0 0 0 0 0 0 0 0 0 0 2 154 253 98 190 254 104 0 0 0 0 0 0 0 0 0 0 0 0 0 0 0 0 0 0 0 0 0 91 254 131 0 13 212 225 64 0 0 0 0 0 0 0 0 0 0 0 0 0 0 0 0 0 0 0 20 238 254 29 0 0 55 244 195 20 0 0 0 0 0 0 0 0 0 0 0 0 0 0 0 0 0 0 90 254 219 6 0 0 0 100 254 111 0 0 0 0 0 0 0 0 0 0 0 0 0 0 0 0 0 0 127 254 116 0 0 0 0 23 248 126 0 0 0 0 0 0 0 0 0 0 0 0 0 0 0 0 0 0 127 254 63 0 0 0 0 49 252 126 0 0 0 0 0 0 0 0 0 0 0 0 0 0 0 0 0 0 124 248 29 0 0 0 38 167 254 101 0 0 0 0 0 0 0 0 0 0 0 0 0 0 0 0 0 0 29 233 211 115 115 135 254 244 130 0 0 0 0 0 0 0 0 0 0 0 0 0 0 0 0 0 0 0 0 70 236 254 254 254 173 38 0 0 0 0 0 0 0 0 0 0 0 0 0 0 0 0 0 0 0 0 0 0 0 0 0 0 0 0 0 0 0 0 0 0 0 0 0 0 0 0 0 0 0 0 0 0 0 0 0 0 0 0 0 0 0 0 0 0 0 0 0 0 0 0 0 0 0 0 0 0 0 0 0 0 0 0 0 0 0 0 0 0 0 0 0 0 0 0 0 0 0 0 0 0 0 
0 0 0 0 0 0 0 0 0 0 0 0 0 0 0 0 0 0 0 0 0 0 0 0 0 0 0 0 0 0 0 0 0 0 0 0 0 0 0 0 0 0 0 0 0 0 0 0 0 0 0 0 0 0 0 0 0 0 0 0 0 0 0 0 0 0 0 0 0 0 0 0 0 0 0 0 0 0 0 0 0 0 0 0 0 0 0 0 0 0 0 0 0 0 0 0 0 0 0 0 0 0 0 0 0 0 0 0 0 0 0 0 0 0 0 0 0 0 0 0 0 0 0 0 0 0 0 0 0 0 0 0 0 0 0 0 0 0 0 0 0 0 0 0 0 0 0 0 0 0 0 0 0 0 0 0 0 0 0 0 0 0 0 0 0 0 0 0 0 0 0 0 0 0 0 0 0 0 0 0 0 29 130 130 225 255 255 109 7 116 243 200 6 0 0 0 0 0 0 0 0 0 0 0 0 0 0 8 95 217 253 253 253 253 253 253 253 253 253 248 11 0 0 0 0 0 0 0 0 0 0 0 0 0 27 213 253 253 240 143 111 152 253 253 253 253 194 62 0 0 0 0 0 0 0 0 0 0 0 0 0 27 213 253 215 105 31 0 7 153 253 253 253 244 73 0 0 0 0 0 0 0 0 0 0 0 0 0 0 149 253 230 34 0 0 0 69 253 253 253 253 79 0 0 0 0 0 0 0 0 0 0 0 0 0 0 0 149 253 221 13 0 0 28 156 253 253 253 176 11 0 0 0 0 0 0 0 0 0 0 0 0 0 0 0 63 236 253 175 14 0 186 253 253 253 196 13 0 0 0 0 0 0 0 0 0 0 0 0 0 0 0 0 0 71 253 253 174 50 199 253 253 237 74 0 0 0 0 0 0 0 0 0 0 0 0 0 0 0 0 0 0 9 92 234 253 253 253 253 237 74 0 0 0 0 0 0 0 0 0 0 0 0 0 0 0 0 0 0 0 0 0 77 253 253 253 236 75 0 0 0 0 0 0 0 0 0 0 0 0 0 0 0 0 0 0 0 0 0 11 161 253 253 253 151 0 0 0 0 0 0 0 0 0 0 0 0 0 0 0 0 0 0 0 0 0 10 101 253 253 237 233 158 0 0 0 0 0 0 0 0 0 0 0 0 0 0 0 0 0 0 0 0 0 131 253 253 173 38 186 185 0 0 0 0 0 0 0 0 0 0 0 0 0 0 0 0 0 0 0 0 125 237 253 114 14 0 186 185 0 0 0 0 0 0 0 0 0 0 0 0 0 0 0 0 0 0 0 62 238 253 176 13 0 21 211 185 0 0 0 0 0 0 0 0 0 0 0 0 0 0 0 0 0 0 11 240 253 226 11 0 0 165 253 136 0 0 0 0 0 0 0 0 0 0 0 0 0 0 0 0 0 0 126 253 243 69 0 0 97 246 227 36 0 0 0 0 0 0 0 0 0 0 0 0 0 0 0 0 0 0 136 253 178 112 112 194 248 253 76 0 0 0 0 0 0 0 0 0 0 0 0 0 0 0 0 0 0 0 136 253 253 253 253 253 253 142 3 0 0 0 0 0 0 0 0 0 0 0 0 0 0 0 0 0 0 0 15 253 253 253 235 129 45 2 0 0 0 0 0 0 0 0 0 0 0 0 0 0 0 0 0 0 0 0 0 0 0 0 0 0 0 0 0 0 0 0 0 0 0 0 0 0 0 0 0 0 0 0 0 0 0 0 0 0 0 0 0 0 0 0 0 0 0 0 0 0 0 0 0 0 0 0 0 
0 0 0 0 0 0 0 0 0 0 0 0 0 0 0 0 0 0 0 0 0 0 0 0 0 0 0 0 0 0 0 0 0 0 0 0 0 0 0 0 0 0 0 0 0 0 0 0 0 0 0 0 0 0 0 0 0 0 0 0 0 0 0 0 0 0 0 0 0 0 0 0 0 0 0 0 0 0 0 0 0 0 0 0 0 0 0 0 0 0 0 0 0 0 0 0 0 0 0 0 0 0 0 0 0 0 0 0 0 0 0 0 0 0 0 0 0 0 0 0 0 0 0 0 0 0 0 0 0 0 0 0 0 0 0 0 0 0 0 0 0 0 0 0 0 0 0 0 0 0 0 0 77 211 254 254 255 254 133 8 0 36 98 3 0 0 0 0 0 0 0 0 0 0 0 0 0 0 0 1 157 253 253 243 173 100 250 123 7 147 186 14 0 0 0 0 0 0 0 0 0 0 0 0 0 0 0 6 253 225 82 57 0 0 249 244 187 240 42 0 0 0 0 0 0 0 0 0 0 0 0 0 0 0 0 183 236 54 0 0 0 0 249 253 253 188 0 0 0 0 0 0 0 0 0 0 0 0 0 0 0 0 0 243 238 33 0 0 34 197 252 253 253 147 0 0 0 0 0 0 0 0 0 0 0 0 0 0 0 0 0 193 253 199 0 0 200 253 253 253 211 8 0 0 0 0 0 0 0 0 0 0 0 0 0 0 0 0 0 11 251 252 160 215 252 253 245 61 9 0 0 0 0 0 0 0 0 0 0 0 0 0 0 0 0 0 0 0 131 253 253 253 253 243 57 0 0 0 0 0 0 0 0 0 0 0 0 0 0 0 0 0 0 0 0 0 44 253 253 253 218 63 0 0 0 0 0 0 0 0 0 0 0 0 0 0 0 0 0 0 0 0 0 30 168 244 236 253 124 0 0 0 0 0 0 0 0 0 0 0 0 0 0 0 0 0 0 0 0 0 0 215 199 49 87 253 187 7 0 0 0 0 0 0 0 0 0 0 0 0 0 0 0 0 0 0 0 34 144 205 70 0 10 204 253 67 0 0 0 0 0 0 0 0 0 0 0 0 0 0 0 0 0 0 0 89 253 129 0 0 0 88 253 141 0 0 0 0 0 0 0 0 0 0 0 0 0 0 0 0 0 0 43 229 248 13 0 0 0 78 253 141 0 0 0 0 0 0 0 0 0 0 0 0 0 0 0 0 0 0 189 253 133 0 0 0 0 91 242 125 0 0 0 0 0 0 0 0 0 0 0 0 0 0 0 0 0 10 201 195 10 0 0 0 0 195 158 0 0 0 0 0 0 0 0 0 0 0 0 0 0 0 0 0 0 84 253 134 0 0 0 11 148 237 128 0 0 0 0 0 0 0 0 0 0 0 0 0 0 0 0 0 12 198 253 86 0 41 84 111 253 153 9 0 0 0 0 0 0 0 0 0 0 0 0 0 0 0 0 0 22 221 253 241 219 236 253 237 126 8 0 0 0 0 0 0 0 0 0 0 0 0 0 0 0 0 0 0 0 37 223 253 253 195 69 14 0 0 0 0 0 0 0 0 0 0 0 0 0 0 0 0 0 0 0 0 0 0 0 0 0 0 0 0 0 0 0 0 0 0 0 0 0 0 0 0 0 0 0 0 0 0 0 0 0 0 0 0 0 0 0 0 0 0 0 0 0 0 0 0 0 0 0 0 0 0 0 0 0 0 0 0 0 0 0 0 0 0 0 0 0 0 0 0 0 0 0 0 0 0 0 0 0 0 
0 0 0 0 0 0 0 0 0 0 0 0 0 0 0 0 0 0 0 0 0 0 0 0 0 0 0 0 0 0 0 0 0 0 0 0 0 0 0 0 0 0 0 0 0 0 0 0 0 0 0 0 0 0 0 0 0 0 0 0 0 0 0 0 0 0 0 0 0 0 0 0 0 0 0 0 0 0 0 0 0 0 0 0 0 0 0 0 0 0 0 0 0 0 0 0 0 0 0 0 0 0 0 0 0 0 0 0 0 0 0 0 0 0 0 0 0 0 0 0 0 0 0 0 0 0 0 0 0 0 0 0 0 0 0 0 0 0 0 0 0 0 0 0 0 0 0 0 0 0 0 0 0 0 11 139 212 253 159 86 0 0 0 0 0 0 0 0 0 0 0 0 0 0 0 0 0 0 0 0 34 89 203 253 252 252 252 252 74 0 0 0 0 0 0 0 0 0 0 0 0 0 0 0 0 0 49 184 234 252 252 184 110 100 208 252 199 0 0 0 0 0 0 0 0 0 0 0 0 0 0 0 0 95 233 252 252 176 56 0 0 0 17 234 249 75 0 0 0 0 0 0 0 0 0 0 0 0 0 0 0 220 253 178 54 4 0 0 0 0 43 240 243 50 0 0 0 0 0 0 0 0 0 0 0 0 0 0 0 221 255 180 55 5 0 0 0 7 160 253 168 0 0 0 0 0 0 0 0 0 0 0 0 0 0 0 0 116 253 252 252 67 0 0 0 91 252 231 42 0 0 0 0 0 0 0 0 0 0 0 0 0 0 0 0 32 190 252 252 185 38 0 119 234 252 54 0 0 0 0 0 0 0 0 0 0 0 0 0 0 0 0 0 0 15 177 252 252 179 155 236 227 119 4 0 0 0 0 0 0 0 0 0 0 0 0 0 0 0 0 0 0 0 26 221 252 252 253 252 130 0 0 0 0 0 0 0 0 0 0 0 0 0 0 0 0 0 0 0 0 0 0 32 229 253 255 144 0 0 0 0 0 0 0 0 0 0 0 0 0 0 0 0 0 0 0 0 0 0 0 66 236 252 253 92 0 0 0 0 0 0 0 0 0 0 0 0 0 0 0 0 0 0 0 0 0 0 66 234 252 252 253 92 0 0 0 0 0 0 0 0 0 0 0 0 0 0 0 0 0 0 0 0 0 19 236 252 252 252 253 92 0 0 0 0 0 0 0 0 0 0 0 0 0 0 0 0 0 0 0 0 53 181 252 168 43 232 253 92 0 0 0 0 0 0 0 0 0 0 0 0 0 0 0 0 0 0 0 0 179 255 218 32 93 253 252 84 0 0 0 0 0 0 0 0 0 0 0 0 0 0 0 0 0 0 0 81 244 239 33 0 114 252 209 0 0 0 0 0 0 0 0 0 0 0 0 0 0 0 0 0 0 0 0 207 252 237 70 153 240 252 32 0 0 0 0 0 0 0 0 0 0 0 0 0 0 0 0 0 0 0 0 207 252 253 252 252 252 210 0 0 0 0 0 0 0 0 0 0 0 0 0 0 0 0 0 0 0 0 0 61 242 253 252 168 96 12 0 0 0 0 0 0 0 0 0 0 0 0 0 0 0 0 0 0 0 0 0 0 0 0 0 0 0 0 0 0 0 0 0 0 0 0 0 0 0 0 0 0 0 0 0 0 0 0 0 0 0 0 0 0 0 0 0 0 0 0 0 0 0 0 0 0 0 0 0 0 0 0 0 0 0 0 0 0 0 0 0 0 0 0 0 0 0 0 0 0 0 0 0 0 0 0 0 
0 0 0 0 0 0 0 0 0 0 0 0 0 0 0 0 0 0 0 0 0 0 0 0 0 0 0 0 0 0 0 0 0 0 0 0 0 0 0 0 0 0 0 0 0 0 0 0 0 0 0 0 0 0 0 0 0 0 0 0 0 0 0 0 0 0 0 0 0 0 0 0 0 0 0 0 0 0 0 0 0 0 0 0 0 0 0 0 0 0 0 0 0 0 0 0 0 0 0 0 0 0 0 0 0 0 0 0 0 0 0 0 0 0 0 0 0 0 0 0 0 0 0 0 0 0 0 0 0 0 0 0 0 0 0 0 0 0 0 0 0 0 0 0 0 0 0 0 0 0 0 0 13 29 29 66 28 0 0 10 179 242 47 0 0 0 0 0 0 0 0 0 0 0 0 0 0 0 0 19 144 253 252 252 215 170 82 28 209 253 84 0 0 0 0 0 0 0 0 0 0 0 0 0 0 0 0 123 252 253 252 252 252 253 240 72 210 253 84 0 0 0 0 0 0 0 0 0 0 0 0 0 0 0 151 246 252 178 28 28 28 253 151 91 252 253 84 0 0 0 0 0 0 0 0 0 0 0 0 0 0 16 179 253 178 0 0 0 0 166 91 229 253 201 0 0 0 0 0 0 0 0 0 0 0 0 0 0 0 47 196 252 103 0 0 0 0 16 215 252 252 0 0 0 0 0 0 0 0 0 0 0 0 0 0 0 0 0 131 252 228 38 0 0 0 204 252 252 127 0 0 0 0 0 0 0 0 0 0 0 0 0 0 0 0 0 32 228 252 226 38 38 213 253 252 127 3 0 0 0 0 0 0 0 0 0 0 0 0 0 0 0 0 0 0 85 253 255 203 253 253 214 38 0 0 0 0 0 0 0 0 0 0 0 0 0 0 0 0 0 0 0 0 28 184 253 252 252 202 0 0 0 0 0 0 0 0 0 0 0 0 0 0 0 0 0 0 0 0 0 0 29 184 253 252 252 28 0 0 0 0 0 0 0 0 0 0 0 0 0 0 0 0 0 0 0 0 0 26 159 252 253 252 252 178 0 0 0 0 0 0 0 0 0 0 0 0 0 0 0 0 0 0 0 0 0 120 253 253 114 194 253 253 63 0 0 0 0 0 0 0 0 0 0 0 0 0 0 0 0 0 0 0 170 225 233 96 0 131 252 252 38 0 0 0 0 0 0 0 0 0 0 0 0 0 0 0 0 0 0 89 253 252 80 0 13 206 252 202 0 0 0 0 0 0 0 0 0 0 0 0 0 0 0 0 0 0 38 225 253 102 6 0 13 206 252 102 0 0 0 0 0 0 0 0 0 0 0 0 0 0 0 0 0 0 86 253 251 75 0 0 104 253 206 13 0 0 0 0 0 0 0 0 0 0 0 0 0 0 0 0 0 0 110 252 244 144 95 169 253 252 142 0 0 0 0 0 0 0 0 0 0 0 0 0 0 0 0 0 0 0 110 252 253 252 252 252 244 93 13 0 0 0 0 0 0 0 0 0 0 0 0 0 0 0 0 0 0 0 10 128 253 252 202 102 25 0 0 0 0 0 0 0 0 0 0 0 0 0 0 0 0 0 0 0 0 0 0 0 0 0 0 0 0 0 0 0 0 0 0 0 0 0 0 0 0 0 0 0 0 0 0 0 0 0 0 0 0 0 0 0 0 0 0 0 0 0 0 0 0 0 0 0 0 0 0 0 0 0 0 0 0 0 0 0 0 0 0 0 0 0 0 0 0 0 0 0 0 0 0 0 0 0 0 
0 0 0 0 0 0 0 0 0 0 0 0 0 0 0 0 0 0 0 0 0 0 0 0 0 0 0 0 0 0 0 0 0 0 0 0 0 0 0 0 0 0 0 0 0 0 0 0 0 0 0 0 0 0 0 0 0 0 0 0 0 0 0 0 0 0 0 0 0 0 0 0 0 0 0 0 0 0 0 0 0 0 0 0 0 0 0 0 0 0 0 0 0 0 0 0 0 0 0 0 0 0 0 0 0 0 0 0 0 0 0 0 0 0 0 0 0 0 0 0 0 0 0 0 0 0 0 0 0 0 0 52 241 86 0 0 0 0 0 0 0 0 0 0 0 0 0 0 0 0 0 0 3 13 13 108 137 137 137 238 254 24 0 0 0 0 0 0 0 0 0 0 0 0 0 0 0 0 0 0 121 254 254 254 254 254 254 254 254 103 2 0 0 0 0 0 0 0 0 0 0 0 0 0 0 0 23 149 222 254 248 229 237 254 246 184 105 241 18 0 0 0 0 0 0 0 0 0 0 0 0 0 0 0 115 254 248 134 75 0 91 254 91 0 0 90 7 0 0 0 0 0 0 0 0 0 0 0 0 0 0 0 83 254 143 0 0 63 235 224 37 0 0 0 0 0 0 0 0 0 0 0 0 0 0 0 0 0 0 0 38 254 238 71 11 204 205 17 0 0 0 0 0 0 0 0 0 0 0 0 0 0 0 0 0 0 0 0 31 238 254 237 194 254 155 0 0 0 0 0 0 0 0 0 0 0 0 0 0 0 0 0 0 0 0 0 0 71 237 254 254 178 16 0 0 0 0 0 0 0 0 0 0 0 0 0 0 0 0 0 0 0 0 0 0 0 174 254 254 203 41 0 0 0 0 0 0 0 0 0 0 0 0 0 0 0 0 0 0 0 0 0 0 34 235 254 254 254 149 0 0 0 0 0 0 0 0 0 0 0 0 0 0 0 0 0 0 0 0 0 12 167 254 201 198 254 238 75 0 0 0 0 0 0 0 0 0 0 0 0 0 0 0 0 0 0 0 0 78 254 214 15 12 205 254 239 35 0 0 0 0 0 0 0 0 0 0 0 0 0 0 0 0 0 0 27 239 254 162 0 0 193 254 254 43 0 0 0 0 0 0 0 0 0 0 0 0 0 0 0 0 0 0 138 254 238 51 0 0 193 254 225 27 0 0 0 0 0 0 0 0 0 0 0 0 0 0 0 0 0 10 194 254 101 0 0 0 193 254 125 0 0 0 0 0 0 0 0 0 0 0 0 0 0 0 0 0 0 25 254 220 9 0 0 109 249 186 5 0 0 0 0 0 0 0 0 0 0 0 0 0 0 0 0 0 0 141 254 217 20 113 201 250 254 125 0 0 0 0 0 0 0 0 0 0 0 0 0 0 0 0 0 0 18 250 254 253 245 254 254 254 131 3 0 0 0 0 0 0 0 0 0 0 0 0 0 0 0 0 0 0 1 91 255 255 255 255 166 39 2 0 0 0 0 0 0 0 0 0 0 0 0 0 0 0 0 0 0 0 0 0 0 0 0 0 0 0 0 0 0 0 0 0 0 0 0 0 0 0 0 0 0 0 0 0 0 0 0 0 0 0 0 0 0 0 0 0 0 0 0 0 0 0 0 0 0 0 0 0 0 0 0 0 0 0 0 0 0 0 0 0 0 0 0 0 0 0 0 0 0 0 0 0 0 0 0 0 0 0 0 0 0 0 0 0 0 0 0 0 0 0 0 0 0 0 0 0 0 0 0 0 0 0 0 
0 0 0 0 0 0 0 0 0 0 0 0 0 0 0 0 0 0 0 0 0 0 0 0 0 0 0 0 0 0 0 0 0 0 0 0 0 0 0 0 0 0 0 0 0 0 0 0 0 0 0 0 0 0 0 0 0 0 0 0 0 0 0 0 0 0 0 0 0 0 0 0 0 0 0 0 0 0 0 0 0 0 0 0 0 0 0 0 0 0 0 0 0 0 0 0 0 0 0 0 0 0 0 0 0 0 0 0 0 0 0 0 0 0 0 0 0 0 0 0 0 0 0 0 0 0 0 0 0 0 0 0 0 0 0 0 0 0 0 0 0 0 0 0 0 0 0 0 0 0 0 0 0 64 128 191 255 128 64 0 0 0 0 0 0 0 0 0 0 0 0 0 0 0 0 0 0 0 0 0 64 255 255 255 255 255 255 191 0 0 0 0 0 0 0 0 0 0 0 0 0 0 0 0 0 0 0 64 255 255 255 255 255 255 255 255 255 0 0 0 0 0 0 0 0 0 0 0 0 0 0 0 0 0 0 128 255 255 128 128 64 255 255 255 255 0 0 0 0 0 0 0 0 0 0 0 0 0 0 0 0 0 0 128 255 128 0 0 0 255 255 255 128 0 0 0 0 0 0 0 0 0 0 0 0 0 0 0 0 0 0 64 255 255 64 0 128 255 255 128 0 0 0 0 0 0 0 0 0 0 0 0 0 0 0 0 0 0 0 0 255 255 191 64 255 255 255 128 0 0 0 0 0 0 0 0 0 0 0 0 0 0 0 0 0 0 0 0 128 255 255 255 255 255 191 0 0 0 0 0 0 0 0 0 0 0 0 0 0 0 0 0 0 0 0 0 0 255 255 255 255 255 0 0 0 0 0 0 0 0 0 0 0 0 0 0 0 0 0 0 0 0 0 0 0 255 255 255 255 128 0 0 0 0 0 0 0 0 0 0 0 0 0 0 0 0 0 0 0 0 0 0 0 255 255 255 128 0 0 0 0 0 0 0 0 0 0 0 0 0 0 0 0 0 0 0 0 0 0 0 255 255 255 255 128 0 0 0 0 0 0 0 0 0 0 0 0 0 0 0 0 0 0 0 0 0 0 191 255 255 255 255 128 0 0 0 0 0 0 0 0 0 0 0 0 0 0 0 0 0 0 0 0 0 128 255 255 255 255 255 0 0 0 0 0 0 0 0 0 0 0 0 0 0 0 0 0 0 0 0 0 0 191 255 255 255 255 64 0 0 0 0 0 0 0 0 0 0 0 0 0 0 0 0 0 0 0 0 0 191 255 255 191 255 255 0 0 0 0 0 0 0 0 0 0 0 0 0 0 0 0 0 0 0 0 0 0 255 255 128 255 255 191 0 0 0 0 0 0 0 0 0 0 0 0 0 0 0 0 0 0 0 0 0 64 255 255 255 255 191 0 0 0 0 0 0 0 0 0 0 0 0 0 0 0 0 0 0 0 0 0 0 64 255 255 255 255 64 0 0 0 0 0 0 0 0 0 0 0 0 0 0 0 0 0 0 0 0 0 0 0 128 255 255 64 0 0 0 0 0 0 0 0 0 0 0 0 0 0 0 0 0 0 0 0 0 0 0 0 0 0 0 0 0 0 0 0 0 0 0 0 0 0 0 0 0 0 0 0 0 0 0 0 0 0 0 0 0 0 0 0 0 0 0 0 0 0 0 0 0 0 0 0 0 0 0 0 0 0 0 0 0 0 0 0 0 0 0 0 0 0 0 0 0 0 0 0 0 0 0 0 0 0 0 
0 0 0 0 0 0 0 0 0 0 0 0 0 0 0 0 0 0 0 0 0 0 0 0 0 0 0 0 0 0 0 0 0 0 0 0 0 0 0 0 0 0 0 0 0 0 0 0 0 0 0 0 0 0 0 0 0 0 0 0 0 0 0 0 0 0 0 0 0 0 0 0 0 0 0 0 0 0 0 0 0 0 0 0 0 0 0 0 0 0 0 0 0 0 0 0 0 0 0 0 0 0 0 0 0 0 0 0 0 0 0 0 0 0 0 0 0 0 0 0 0 0 0 0 0 0 0 0 0 0 0 0 0 0 0 0 0 0 0 0 0 0 0 0 0 0 0 0 0 0 4 62 146 182 254 254 181 176 139 15 0 0 0 0 0 0 0 0 0 0 0 0 0 0 0 0 0 34 186 253 217 208 136 136 136 166 232 99 0 0 0 0 0 0 0 0 0 0 0 0 0 0 0 0 61 242 208 111 3 0 0 0 0 0 18 32 107 43 0 0 0 0 0 0 0 0 0 0 0 0 0 0 156 242 23 0 0 0 0 0 0 0 13 191 181 6 0 0 0 0 0 0 0 0 0 0 0 0 0 0 121 255 98 3 0 0 0 0 0 8 194 225 12 0 0 0 0 0 0 0 0 0 0 0 0 0 0 0 0 169 253 120 3 0 0 0 0 128 247 51 0 0 0 0 0 0 0 0 0 0 0 0 0 0 0 0 0 3 111 244 169 19 0 14 131 249 117 0 0 0 0 0 0 0 0 0 0 0 0 0 0 0 0 0 0 0 0 59 241 235 72 142 229 66 0 0 0 0 0 0 0 0 0 0 0 0 0 0 0 0 0 0 0 0 0 0 25 218 254 231 36 0 0 0 0 0 0 0 0 0 0 0 0 0 0 0 0 0 0 0 0 0 0 0 0 133 253 221 33 0 0 0 0 0 0 0 0 0 0 0 0 0 0 0 0 0 0 0 0 0 0 0 19 237 111 196 217 19 0 0 0 0 0 0 0 0 0 0 0 0 0 0 0 0 0 0 0 0 0 0 174 138 0 23 193 204 18 0 0 0 0 0 0 0 0 0 0 0 0 0 0 0 0 0 0 0 0 96 224 0 0 0 25 218 169 3 0 0 0 0 0 0 0 0 0 0 0 0 0 0 0 0 0 0 0 215 138 0 0 0 0 86 253 99 0 0 0 0 0 0 0 0 0 0 0 0 0 0 0 0 0 0 0 215 97 0 0 0 0 3 162 214 11 0 0 0 0 0 0 0 0 0 0 0 0 0 0 0 0 0 0 215 97 0 0 0 0 0 118 253 68 0 0 0 0 0 0 0 0 0 0 0 0 0 0 0 0 0 0 185 157 0 0 0 0 0 40 254 98 0 0 0 0 0 0 0 0 0 0 0 0 0 0 0 0 0 0 50 244 61 0 0 0 0 112 244 58 0 0 0 0 0 0 0 0 0 0 0 0 0 0 0 0 0 0 0 174 251 142 59 83 167 244 111 0 0 0 0 0 0 0 0 0 0 0 0 0 0 0 0 0 0 0 0 6 133 253 253 253 169 61 3 0 0 0 0 0 0 0 0 0 0 0 0 0 0 0 0 0 0 0 0 0 0 0 0 0 0 0 0 0 0 0 0 0 0 0 0 0 0 0 0 0 0 0 0 0 0 0 0 0 0 0 0 0 0 0 0 0 0 0 0 0 0 0 0 0 0 0 0 0 0 0 0 0 0 0 0 0 0 0 0 0 0 0 0 0 0 0 0 0 0 0 0 
0 0 0 0 0 0 0 0 0 0 0 0 0 0 0 0 0 0 0 0 0 0 0 0 0 0 0 0 0 0 0 0 0 0 0 0 0 0 0 0 0 0 0 0 0 0 0 0 0 0 0 0 0 0 0 0 0 0 0 0 0 0 0 0 0 0 0 0 0 0 0 0 0 0 0 0 0 0 0 0 0 0 0 0 0 0 0 0 0 0 0 0 0 0 0 0 0 0 0 0 0 0 0 0 0 0 0 0 0 0 0 0 0 0 0 0 0 0 0 0 0 0 0 0 37 63 160 255 254 254 149 61 0 0 0 0 0 0 0 0 0 0 0 0 0 0 0 0 0 0 3 167 240 254 254 254 254 254 254 252 130 3 0 0 0 0 0 0 0 0 0 0 0 0 0 0 0 0 129 254 254 254 254 167 157 132 162 235 254 58 0 0 0 0 0 0 0 0 0 0 0 0 0 0 0 0 216 254 220 145 4 1 0 0 0 7 180 120 0 0 0 0 0 0 0 0 0 0 0 0 0 0 0 0 216 245 23 0 0 0 0 0 0 0 11 55 48 78 138 0 0 0 0 0 0 0 0 0 0 0 0 0 216 134 0 0 0 0 0 0 0 0 25 102 211 209 201 0 0 0 0 0 0 0 0 0 0 0 0 0 124 92 0 0 0 0 0 0 0 46 215 254 253 201 66 0 0 0 0 0 0 0 0 0 0 0 0 0 41 206 4 0 0 0 2 115 211 245 254 185 100 0 0 0 0 0 0 0 0 0 0 0 0 0 0 0 17 231 77 0 0 34 182 254 254 219 109 7 0 0 0 0 0 0 0 0 0 0 0 0 0 0 0 0 0 148 187 46 80 238 254 254 227 48 0 0 0 0 0 0 0 0 0 0 0 0 0 0 0 0 0 0 0 0 203 236 254 254 247 115 22 0 0 0 0 0 0 0 0 0 0 0 0 0 0 0 0 0 0 0 0 0 149 254 254 155 77 0 0 0 0 0 0 0 0 0 0 0 0 0 0 0 0 0 0 0 0 0 0 101 206 254 254 162 0 0 0 0 0 0 0 0 0 0 0 0 0 0 0 0 0 0 0 0 0 32 115 239 254 205 179 225 20 0 0 0 0 0 0 0 0 0 0 0 0 0 0 0 0 0 0 0 88 252 254 229 161 47 24 244 111 0 0 0 0 0 0 0 0 0 0 0 0 0 0 0 0 0 0 41 248 254 235 70 0 25 173 254 143 0 0 0 0 0 0 0 0 0 0 0 0 0 0 0 0 0 49 225 254 254 62 38 157 223 254 234 87 0 0 0 0 0 0 0 0 0 0 0 0 0 0 0 0 0 63 254 254 254 219 254 254 254 254 180 0 0 0 0 0 0 0 0 0 0 0 0 0 0 0 0 0 0 31 224 254 254 254 254 254 225 122 13 0 0 0 0 0 0 0 0 0 0 0 0 0 0 0 0 0 0 0 89 254 254 254 221 102 11 0 0 0 0 0 0 0 0 0 0 0 0 0 0 0 0 0 0 0 0 0 0 0 0 0 0 0 0 0 0 0 0 0 0 0 0 0 0 0 0 0 0 0 0 0 0 0 0 0 0 0 0 0 0 0 0 0 0 0 0 0 0 0 0 0 0 0 0 0 0 0 0 0 0 0 0 0 0 0 0 0 0 0 0 0 0 0 0 0 0 0 0 0 0 0 0 0 0 0 0 0 0 0 0 0 0 0 0 0 0 0 0 0 0 0 0 0 0 0 0 0 0 0 0 0 0 
0 0 0 0 0 0 0 0 0 0 0 0 0 0 0 0 0 0 0 0 0 0 0 0 0 0 0 0 0 0 0 0 0 0 0 0 0 0 0 0 0 0 0 0 0 0 0 0 0 0 0 0 0 0 0 0 0 0 0 0 0 0 0 0 0 0 0 0 0 0 0 0 0 0 0 0 0 0 0 0 0 0 0 0 0 0 0 0 0 0 0 0 0 0 0 0 0 0 0 0 0 0 0 0 0 0 0 0 0 0 0 0 0 0 0 0 0 0 0 0 0 0 0 0 0 50 239 40 0 0 0 0 0 0 0 0 0 0 0 0 0 0 0 0 0 0 0 0 0 0 0 0 0 169 251 36 0 0 0 0 0 0 0 0 0 0 0 0 0 0 0 0 0 0 0 0 0 0 0 0 25 240 176 0 0 0 0 0 0 0 0 0 0 0 0 0 0 0 0 0 0 0 0 0 0 0 0 128 227 254 66 0 0 0 2 82 181 25 0 0 0 0 0 0 0 0 0 0 0 0 0 0 0 0 110 254 207 193 40 0 0 0 169 250 147 6 0 0 0 0 0 0 0 0 0 0 0 0 0 0 0 128 247 229 31 7 0 0 0 195 254 162 0 0 0 0 0 0 0 0 0 0 0 0 0 0 0 0 75 254 231 37 0 0 0 0 143 254 218 3 0 0 0 0 0 0 0 0 0 0 0 0 0 0 0 0 129 254 254 205 178 178 102 76 246 254 28 0 0 0 0 0 0 0 0 0 0 0 0 0 0 0 0 0 49 164 234 254 254 254 254 254 254 162 1 0 0 0 0 0 0 0 0 0 0 0 0 0 0 0 0 0 0 0 15 52 109 133 230 254 254 198 2 0 0 0 0 0 0 0 0 0 0 0 0 0 0 0 0 0 0 0 0 0 0 0 203 254 254 254 46 0 0 0 0 0 0 0 0 0 0 0 0 0 0 0 0 0 0 0 0 0 0 17 232 224 121 254 156 0 0 0 0 0 0 0 0 0 0 0 0 0 0 0 0 0 0 0 0 0 0 155 254 102 4 240 241 0 0 0 0 0 0 0 0 0 0 0 0 0 0 0 0 0 0 0 0 0 1 192 225 14 0 239 246 0 0 0 0 0 0 0 0 0 0 0 0 0 0 0 0 0 0 0 0 0 107 254 75 0 26 245 246 0 0 0 0 0 0 0 0 0 0 0 0 0 0 0 0 0 0 0 0 0 178 254 52 0 102 254 184 0 0 0 0 0 0 0 0 0 0 0 0 0 0 0 0 0 0 0 0 0 178 254 52 10 216 254 112 0 0 0 0 0 0 0 0 0 0 0 0 0 0 0 0 0 0 0 0 0 178 254 52 166 254 195 2 0 0 0 0 0 0 0 0 0 0 0 0 0 0 0 0 0 0 0 0 0 156 254 184 251 237 19 0 0 0 0 0 0 0 0 0 0 0 0 0 0 0 0 0 0 0 0 0 0 36 188 255 212 52 0 0 0 0 0 0 0 0 0 0 0 0 0 0 0 0 0 0 0 0 0 0 0 0 0 0 0 0 0 0 0 0 0 0 0 0 0 0 0 0 0 0 0 0 0 0 0 0 0 0 0 0 0 0 0 0 0 0 0 0 0 0 0 0 0 0 0 0 0 0 0 0 0 0 0 0 0 0 0 0 0 0 0 0 0 0 0 0 0 0 0 0 0 0 0 0 0 0 0 0 0 0 0 0 0 0 0 0 0 0 0 0 0 0 0 0 0 0 0 0 0 0 0 
0 0 0 0 0 0 0 0 0 0 0 0 0 0 0 0 0 0 0 0 0 0 0 0 0 0 0 0 0 0 0 0 0 0 0 0 0 0 0 0 0 0 0 0 0 0 0 0 0 0 0 0 0 0 0 0 0 0 0 0 0 0 0 0 0 0 0 0 0 0 0 0 0 0 0 0 0 0 0 0 0 0 0 0 0 0 0 0 0 0 0 0 0 0 0 0 0 0 0 0 0 0 0 0 0 0 0 0 0 0 0 0 0 0 0 0 0 0 0 0 0 0 0 0 0 0 0 0 0 0 0 0 0 0 0 0 0 0 0 0 0 0 0 0 0 0 0 0 0 0 6 111 189 254 229 170 84 10 0 0 0 0 0 0 0 0 0 0 0 0 0 0 0 0 0 0 0 10 189 253 237 221 231 254 245 229 170 52 0 0 0 0 0 0 0 0 0 0 0 0 0 0 0 0 0 120 254 222 39 0 15 174 253 253 253 238 80 0 0 0 0 0 0 0 0 0 0 0 0 0 0 0 0 153 254 123 0 0 0 12 31 31 186 253 228 0 0 0 0 0 0 0 0 0 0 0 0 0 0 0 0 238 254 63 0 0 0 0 0 0 64 253 238 0 0 0 0 0 0 0 0 0 0 0 0 0 0 0 60 253 255 63 0 0 0 0 0 0 64 254 239 0 0 0 0 0 0 0 0 0 0 0 0 0 0 0 0 238 254 63 0 0 0 0 0 0 133 253 228 0 0 0 0 0 0 0 0 0 0 0 0 0 0 0 0 173 254 128 0 0 0 0 0 64 237 253 120 0 0 0 0 0 0 0 0 0 0 0 0 0 0 0 0 138 254 204 47 0 0 0 28 208 253 233 10 0 0 0 0 0 0 0 0 0 0 0 0 0 0 0 0 55 254 253 230 115 5 35 200 253 253 50 0 0 0 0 0 0 0 0 0 0 0 0 0 0 0 0 0 0 85 220 254 254 229 230 254 196 35 0 0 0 0 0 0 0 0 0 0 0 0 0 0 0 0 0 0 0 0 32 199 253 253 254 253 241 44 0 0 0 0 0 0 0 0 0 0 0 0 0 0 0 0 0 0 0 53 241 253 253 223 156 241 253 221 8 0 0 0 0 0 0 0 0 0 0 0 0 0 0 0 0 0 45 209 253 241 145 17 0 126 253 253 16 0 0 0 0 0 0 0 0 0 0 0 0 0 0 0 0 0 80 254 243 67 0 0 0 2 184 253 65 0 0 0 0 0 0 0 0 0 0 0 0 0 0 0 0 0 25 255 142 0 0 0 0 0 182 254 95 0 0 0 0 0 0 0 0 0 0 0 0 0 0 0 0 0 60 254 142 0 0 0 0 0 206 253 95 0 0 0 0 0 0 0 0 0 0 0 0 0 0 0 0 0 80 254 157 0 0 0 0 66 244 253 30 0 0 0 0 0 0 0 0 0 0 0 0 0 0 0 0 0 60 254 249 62 0 0 4 196 253 132 2 0 0 0 0 0 0 0 0 0 0 0 0 0 0 0 0 0 0 129 253 230 158 133 215 253 238 22 0 0 0 0 0 0 0 0 0 0 0 0 0 0 0 0 0 0 0 0 0 0 0 0 0 0 0 0 0 0 0 0 0 0 0 0 0 0 0 0 0 0 0 0 0 0 0 0 0 0 0 0 0 0 0 0 0 0 0 0 0 0 0 0 0 0 0 0 0 0 0 0 0 0 0 0 0 0 0 0 0 0 0 0 0 0 0 0 0 0 0 0 0 
0 0 0 0 0 0 0 0 0 0 0 0 0 0 0 0 0 0 0 0 0 0 0 0 0 0 0 0 0 0 0 0 0 0 0 0 0 0 0 0 0 0 0 0 0 0 0 0 0 0 0 0 0 0 0 0 0 0 0 0 0 0 0 0 0 0 0 0 0 0 0 0 0 0 0 0 0 0 0 0 0 0 0 0 0 0 0 0 0 0 0 0 0 0 0 0 0 0 0 0 0 0 0 0 0 0 0 0 0 0 0 0 0 0 0 0 0 0 0 0 0 0 0 0 0 0 0 0 0 0 0 0 0 0 0 0 0 0 0 0 0 0 0 0 0 0 0 0 0 0 0 0 0 13 41 166 253 203 129 10 0 0 0 7 7 0 0 0 0 0 0 0 0 0 0 0 0 0 0 0 82 206 253 252 252 252 253 159 0 0 19 187 56 0 0 0 0 0 0 0 0 0 0 0 0 0 0 0 197 252 206 93 56 56 119 81 0 38 154 208 13 0 0 0 0 0 0 0 0 0 0 0 0 0 0 0 197 252 13 0 0 0 0 0 89 225 228 22 0 0 0 0 0 0 0 0 0 0 0 0 0 0 0 0 198 253 63 0 0 0 16 166 253 241 151 0 0 0 0 0 0 0 0 0 0 0 0 0 0 0 0 0 197 252 188 0 0 76 179 252 208 59 0 0 0 0 0 0 0 0 0 0 0 0 0 0 0 0 0 0 110 252 225 0 154 222 244 168 37 0 0 0 0 0 0 0 0 0 0 0 0 0 0 0 0 0 0 0 47 240 250 225 246 252 175 0 0 0 0 0 0 0 0 0 0 0 0 0 0 0 0 0 0 0 0 0 0 226 254 253 244 75 0 0 0 0 0 0 0 0 0 0 0 0 0 0 0 0 0 0 0 0 0 0 132 243 253 240 81 0 0 0 0 0 0 0 0 0 0 0 0 0 0 0 0 0 0 0 0 0 10 110 240 252 253 196 0 0 0 0 0 0 0 0 0 0 0 0 0 0 0 0 0 0 0 0 0 0 79 252 252 202 253 196 0 0 0 0 0 0 0 0 0 0 0 0 0 0 0 0 0 0 0 0 0 126 255 209 25 63 254 197 0 0 0 0 0 0 0 0 0 0 0 0 0 0 0 0 0 0 0 0 82 243 234 28 0 113 253 196 0 0 0 0 0 0 0 0 0 0 0 0 0 0 0 0 0 0 0 0 197 252 100 0 0 150 253 109 0 0 0 0 0 0 0 0 0 0 0 0 0 0 0 0 0 0 0 51 246 151 0 0 126 249 228 9 0 0 0 0 0 0 0 0 0 0 0 0 0 0 0 0 0 0 0 70 253 140 4 54 229 253 151 0 0 0 0 0 0 0 0 0 0 0 0 0 0 0 0 0 0 0 0 169 252 165 79 252 252 151 0 0 0 0 0 0 0 0 0 0 0 0 0 0 0 0 0 0 0 0 0 131 252 252 253 252 186 19 0 0 0 0 0 0 0 0 0 0 0 0 0 0 0 0 0 0 0 0 0 7 116 240 253 227 31 0 0 0 0 0 0 0 0 0 0 0 0 0 0 0 0 0 0 0 0 0 0 0 0 0 0 0 0 0 0 0 0 0 0 0 0 0 0 0 0 0 0 0 0 0 0 0 0 0 0 0 0 0 0 0 0 0 0 0 0 0 0 0 0 0 0 0 0 0 0 0 0 0 0 0 0 0 0 0 0 0 0 0 0 0 0 0 0 0 0 0 0 0 0 0 0 0 0 0 
0 0 0 0 0 0 0 0 0 0 0 0 0 0 0 0 0 0 0 0 0 0 0 0 0 0 0 0 0 0 0 0 0 0 0 0 0 0 0 0 0 0 0 0 0 0 0 0 0 0 0 0 0 0 0 0 0 0 0 0 0 0 0 0 0 0 0 0 0 0 0 0 0 0 0 0 0 0 0 0 0 0 0 0 0 0 0 0 0 0 0 0 0 0 0 0 0 0 0 0 0 0 0 0 0 0 0 0 0 0 0 0 0 0 0 0 0 0 0 0 0 0 0 0 0 0 0 0 0 0 0 0 0 0 45 180 145 0 0 0 0 0 0 0 0 0 0 0 0 0 0 0 0 0 0 12 25 25 25 25 7 19 159 244 73 0 0 0 0 0 0 0 0 0 0 0 0 0 0 0 0 0 34 198 254 253 253 253 184 231 241 77 0 0 0 0 0 0 0 0 0 0 0 0 0 0 0 0 17 96 246 253 252 193 166 253 253 239 79 0 0 0 0 0 0 0 0 0 0 0 0 0 0 0 0 0 115 253 253 166 69 0 124 253 239 80 0 0 0 0 0 0 0 0 0 0 0 0 0 0 0 0 0 91 242 253 78 32 4 142 231 239 80 0 0 0 0 0 0 0 0 0 0 0 0 0 0 0 0 0 21 214 253 134 5 0 53 253 200 79 0 0 0 0 0 0 0 0 0 0 0 0 0 0 0 0 0 0 165 253 180 5 0 151 238 244 60 0 0 0 0 0 0 0 0 0 0 0 0 0 0 0 0 0 0 21 212 253 168 0 100 247 249 73 0 0 0 0 0 0 0 0 0 0 0 0 0 0 0 0 0 0 0 3 185 253 209 122 241 253 69 0 0 0 0 0 0 0 0 0 0 0 0 0 0 0 0 0 0 0 0 0 0 189 254 254 254 132 0 0 0 0 0 0 0 0 0 0 0 0 0 0 0 0 0 0 0 0 0 0 0 142 253 253 253 202 140 11 0 0 0 0 0 0 0 0 0 0 0 0 0 0 0 0 0 0 0 0 56 231 183 96 148 234 254 183 0 0 0 0 0 0 0 0 0 0 0 0 0 0 0 0 0 0 0 33 230 239 39 0 0 122 254 229 0 0 0 0 0 0 0 0 0 0 0 0 0 0 0 0 0 0 9 155 253 94 0 0 0 150 254 229 0 0 0 0 0 0 0 0 0 0 0 0 0 0 0 0 0 0 129 253 172 14 0 28 183 251 251 106 0 0 0 0 0 0 0 0 0 0 0 0 0 0 0 0 0 20 235 214 14 25 126 224 253 213 104 0 0 0 0 0 0 0 0 0 0 0 0 0 0 0 0 0 5 170 253 223 98 200 253 253 165 24 0 0 0 0 0 0 0 0 0 0 0 0 0 0 0 0 0 0 13 253 253 253 253 253 217 99 3 0 0 0 0 0 0 0 0 0 0 0 0 0 0 0 0 0 0 0 1 81 207 230 132 98 8 0 0 0 0 0 0 0 0 0 0 0 0 0 0 0 0 0 0 0 0 0 0 0 0 0 0 0 0 0 0 0 0 0 0 0 0 0 0 0 0 0 0 0 0 0 0 0 0 0 0 0 0 0 0 0 0 0 0 0 0 0 0 0 0 0 0 0 0 0 0 0 0 0 0 0 0 0 0 0 0 0 0 0 0 0 0 0 0 0 0 0 0 0 0 0 0 0 0 0 0 0 0 0 0 0 0 0 0 0 0 0 0 0 0 0 0 0 0 0 0 0 0 0 0 0 0 0 
0 0 0 0 0 0 0 0 0 0 0 0 0 0 0 0 0 0 0 0 0 0 0 0 0 0 0 0 0 0 0 0 0 0 0 0 0 0 0 0 0 0 0 0 0 0 0 0 0 0 0 0 0 0 0 0 0 0 0 0 0 0 0 0 0 0 0 0 0 0 0 0 0 0 0 0 0 0 0 0 0 0 0 0 0 0 0 0 0 0 0 0 0 0 0 0 0 0 0 0 0 0 0 0 0 0 0 0 0 0 0 0 0 0 0 0 0 0 0 0 0 0 0 0 0 0 93 151 255 234 125 125 51 0 0 0 0 0 0 0 0 0 0 0 0 0 0 0 0 0 0 0 0 125 252 253 253 253 253 253 240 51 0 0 0 0 0 0 0 0 0 0 0 0 0 0 0 0 0 0 69 251 253 253 253 253 253 253 253 234 0 0 0 0 0 0 0 0 0 0 0 0 0 0 0 0 0 33 214 253 229 55 19 106 149 213 253 240 0 0 0 0 0 0 0 0 0 0 0 0 0 0 0 0 0 196 253 203 194 0 0 0 0 39 253 240 0 0 0 0 0 0 0 0 0 0 0 0 0 0 0 0 0 209 253 203 48 0 0 0 0 140 253 240 0 0 0 0 0 0 0 0 0 0 0 0 0 0 0 0 0 165 253 253 65 0 0 14 102 239 253 240 0 0 0 0 0 0 0 0 0 0 0 0 0 0 0 0 0 79 253 253 190 39 103 216 253 253 207 99 0 0 0 0 0 0 0 0 0 0 0 0 0 0 0 0 0 16 212 253 253 227 253 253 244 181 75 0 0 0 0 0 0 0 0 0 0 0 0 0 0 0 0 0 22 173 242 253 253 253 241 101 51 0 0 0 0 0 0 0 0 0 0 0 0 0 0 0 0 0 23 107 211 253 253 253 253 226 71 0 0 0 0 0 0 0 0 0 0 0 0 0 0 0 0 0 0 49 197 253 253 210 164 118 253 253 105 0 0 0 0 0 0 0 0 0 0 0 0 0 0 0 0 0 78 248 253 237 97 14 0 20 209 253 239 59 0 0 0 0 0 0 0 0 0 0 0 0 0 0 0 0 198 253 167 54 0 0 0 0 189 253 253 84 0 0 0 0 0 0 0 0 0 0 0 0 0 0 0 76 249 240 22 0 0 0 0 0 189 253 253 84 0 0 0 0 0 0 0 0 0 0 0 0 0 0 0 118 253 159 3 0 0 0 0 0 189 253 253 84 0 0 0 0 0 0 0 0 0 0 0 0 0 0 0 109 252 253 43 13 0 0 0 0 189 253 253 84 0 0 0 0 0 0 0 0 0 0 0 0 0 0 0 0 235 253 253 214 143 77 143 143 225 253 253 84 0 0 0 0 0 0 0 0 0 0 0 0 0 0 0 0 109 249 253 253 253 253 253 253 253 252 156 39 0 0 0 0 0 0 0 0 0 0 0 0 0 0 0 0 0 51 123 237 253 253 253 253 155 98 0 0 0 0 0 0 0 0 0 0 0 0 0 0 0 0 0 0 0 0 0 0 0 0 0 0 0 0 0 0 0 0 0 0 0 0 0 0 0 0 0 0 0 0 0 0 0 0 0 0 0 0 0 0 0 0 0 0 0 0 0 0 0 0 0 0 0 0 0 0 0 0 0 0 0 0 0 0 0 0 0 0 0 0 0 0 0 0 0 0 0 0 0 0 0 0 0 0 0 0 0 0 0 0 0 0 0 0 0 0 0 0 0 0 0 0 0 0 0 0 0 0 0 0 
0 0 0 0 0 0 0 0 0 0 0 0 0 0 0 0 0 0 0 0 0 0 0 0 0 0 0 0 0 0 0 0 0 0 0 0 0 0 0 0 0 0 0 0 0 0 0 0 0 0 0 0 0 0 0 0 0 0 0 0 0 0 0 0 0 0 0 0 0 0 0 0 0 0 0 0 0 0 0 0 0 0 0 0 0 0 0 0 0 0 0 0 0 0 0 0 0 0 0 0 0 0 0 0 0 0 0 0 0 0 0 0 0 0 0 0 0 0 0 0 0 0 0 0 0 0 0 0 0 0 0 0 0 0 0 0 0 0 0 0 0 0 0 0 0 0 0 0 0 0 0 0 60 241 192 66 29 4 0 0 0 0 0 0 0 0 0 0 0 0 0 0 0 0 0 0 0 0 0 0 197 227 97 208 252 128 0 0 0 0 0 0 0 0 0 0 0 0 0 0 0 0 0 0 0 0 0 0 197 139 0 13 209 252 0 0 0 0 0 0 0 0 0 0 0 0 0 0 0 0 0 0 0 0 0 0 197 240 51 0 197 252 0 0 0 0 0 0 0 0 0 0 0 0 0 0 0 0 0 0 0 0 0 0 76 250 229 10 38 63 16 104 104 16 0 0 0 0 0 0 0 0 0 0 0 0 0 0 0 0 0 0 0 200 253 109 82 169 216 240 196 59 0 0 0 0 0 0 0 0 0 0 0 0 0 0 0 0 0 0 0 113 253 240 240 252 206 81 0 0 0 0 0 0 0 0 0 0 0 0 0 0 0 0 0 0 0 0 0 13 253 252 252 151 13 0 0 0 0 0 0 0 0 0 0 0 0 0 0 0 0 0 0 0 0 0 48 241 255 253 168 0 0 0 0 0 0 0 0 0 0 0 0 0 0 0 0 0 0 0 0 0 0 13 172 252 253 252 168 0 0 0 0 0 0 0 0 0 0 0 0 0 0 0 0 0 0 0 0 0 0 144 252 127 128 252 168 0 0 0 0 0 0 0 0 0 0 0 0 0 0 0 0 0 0 0 0 0 13 206 177 3 29 252 168 0 0 0 0 0 0 0 0 0 0 0 0 0 0 0 0 0 0 0 0 0 29 253 168 0 29 253 168 0 0 0 0 0 0 0 0 0 0 0 0 0 0 0 0 0 0 0 0 0 104 252 168 0 29 252 168 0 0 0 0 0 0 0 0 0 0 0 0 0 0 0 0 0 0 0 0 0 104 252 168 0 66 252 168 0 0 0 0 0 0 0 0 0 0 0 0 0 0 0 0 0 0 0 0 0 29 252 168 0 141 252 168 0 0 0 0 0 0 0 0 0 0 0 0 0 0 0 0 0 0 0 0 0 0 0 0 0 141 253 168 0 0 0 0 0 0 0 0 0 0 0 0 0 0 0 0 0 0 0 0 0 0 0 0 0 166 252 168 0 0 0 0 0 0 0 0 0 0 0 0 0 0 0 0 0 0 0 0 0 0 0 67 147 253 233 62 0 0 0 0 0 0 0 0 0 0 0 0 0 0 0 0 0 0 0 0 0 0 0 85 252 253 96 0 0 0 0 0 0 0 0 0 0 0 0 0 0 0 0 0 0 0 0 0 0 0 0 0 0 0 0 0 0 0 0 0 0 0 0 0 0 0 0 0 0 0 0 0 0 0 0 0 0 0 0 0 0 0 0 0 0 0 0 0 0 0 0 0 0 0 0 0 0 0 0 0 0 0 0 0 0 0 0 0 0 0 0 0 0 0 0 0 0 0 0 0 0 0 0 
0 0 0 0 0 0 0 0 0 0 0 0 0 0 0 0 0 0 0 0 0 0 0 0 0 0 0 0 0 0 0 0 0 0 0 0 0 0 0 0 0 0 0 0 0 0 0 0 0 0 0 0 0 0 0 0 0 0 0 0 0 0 0 0 0 0 0 0 0 0 0 0 0 0 0 0 0 0 0 0 0 0 0 0 0 0 0 0 0 0 0 0 0 0 0 0 0 0 0 0 0 0 0 0 0 0 0 0 0 0 0 0 0 0 0 0 0 0 0 0 0 0 0 0 0 0 0 0 0 0 0 0 0 0 0 0 0 0 0 0 0 0 0 0 0 0 0 0 0 0 0 0 64 255 255 255 255 255 255 191 0 0 0 0 0 0 0 0 0 0 0 0 0 0 0 0 0 0 0 64 255 255 255 255 255 255 255 255 255 128 0 0 0 0 0 0 0 0 0 0 0 0 0 0 0 0 0 255 255 255 128 128 128 128 255 255 255 255 128 0 0 0 0 0 0 0 0 0 0 0 0 0 0 0 0 128 255 128 0 0 0 0 0 191 255 255 128 0 0 0 0 0 0 0 0 0 0 0 0 0 0 0 0 128 255 191 0 0 0 0 0 128 255 255 128 0 0 0 0 0 0 0 0 0 0 0 0 0 0 0 0 0 255 255 128 0 0 64 128 255 255 255 64 0 0 0 0 0 0 0 0 0 0 0 0 0 0 0 0 0 255 255 255 128 255 255 255 255 255 128 0 0 0 0 0 0 0 0 0 0 0 0 0 0 0 0 0 0 191 255 255 255 255 255 255 191 64 0 0 0 0 0 0 0 0 0 0 0 0 0 0 0 0 0 0 0 255 255 255 255 191 128 0 0 0 0 0 0 0 0 0 0 0 0 0 0 0 0 0 0 0 0 64 255 255 255 255 255 128 0 0 0 0 0 0 0 0 0 0 0 0 0 0 0 0 0 0 0 0 128 255 255 255 191 255 255 128 0 0 0 0 0 0 0 0 0 0 0 0 0 0 0 0 0 0 0 0 255 255 255 64 0 255 255 128 0 0 0 0 0 0 0 0 0 0 0 0 0 0 0 0 0 0 0 128 255 255 64 0 0 191 255 128 0 0 0 0 0 0 0 0 0 0 0 0 0 0 0 0 0 0 0 191 255 128 0 0 0 255 255 128 0 0 0 0 0 0 0 0 0 0 0 0 0 0 0 0 0 0 128 255 255 128 0 0 0 255 255 128 0 0 0 0 0 0 0 0 0 0 0 0 0 0 0 0 0 0 128 255 255 128 0 0 128 255 255 128 0 0 0 0 0 0 0 0 0 0 0 0 0 0 0 0 0 0 128 255 255 128 0 0 128 255 255 128 0 0 0 0 0 0 0 0 0 0 0 0 0 0 0 0 0 0 0 191 255 255 191 128 255 255 255 0 0 0 0 0 0 0 0 0 0 0 0 0 0 0 0 0 0 0 0 64 255 255 255 255 255 255 64 0 0 0 0 0 0 0 0 0 0 0 0 0 0 0 0 0 0 0 0 0 0 128 128 255 191 64 0 0 0 0 0 0 0 0 0 0 0 0 0 0 0 0 0 0 0 0 0 0 0 0 0 0 0 0 0 0 0 0 0 0 0 0 0 0 0 0 0 0 0 0 0 0 0 0 0 0 0 0 0 0 0 0 0 0 0 0 0 0 0 0 0 0 0 0 0 0 0 0 0 0 0 0 0 0 0 0 0 0 0 0 0 0 0 0 0 0 0 0 0 0 0 0 0 
0 0 0 0 0 0 0 0 0 0 0 0 0 0 0 0 0 0 0 0 0 0 0 0 0 0 0 0 0 0 0 0 0 0 0 0 0 0 0 0 0 0 0 0 0 0 0 0 0 0 0 0 0 0 0 0 0 0 0 0 0 0 0 0 0 0 0 0 0 0 0 0 0 0 0 0 0 0 0 0 0 0 0 0 0 0 0 0 0 0 0 0 0 0 0 0 0 0 0 0 0 0 0 0 0 0 0 0 0 0 0 0 0 0 0 0 0 0 0 0 0 0 0 0 0 0 0 0 0 0 0 0 0 0 0 0 0 0 0 0 0 0 0 0 0 0 0 0 0 0 0 0 0 32 212 253 255 211 94 0 0 0 0 0 0 0 0 0 0 0 0 0 0 0 0 0 0 0 53 73 73 125 252 252 253 252 247 217 42 0 0 0 0 0 0 0 0 0 0 0 0 0 0 0 0 0 181 252 253 252 252 252 253 252 252 252 222 46 0 0 0 0 0 0 0 0 0 0 0 0 0 0 0 0 181 252 253 210 128 168 108 232 252 252 253 179 0 0 0 0 0 0 0 0 0 0 0 0 0 0 0 0 181 252 253 179 0 0 0 0 37 252 253 179 0 0 0 0 0 0 0 0 0 0 0 0 0 0 0 0 139 252 253 200 21 0 0 0 37 252 253 179 0 0 0 0 0 0 0 0 0 0 0 0 0 0 0 0 32 236 253 252 92 0 0 11 68 252 253 179 0 0 0 0 0 0 0 0 0 0 0 0 0 0 0 0 0 62 253 252 236 62 63 175 252 252 191 77 0 0 0 0 0 0 0 0 0 0 0 0 0 0 0 0 0 0 192 253 253 253 255 253 237 144 84 0 0 0 0 0 0 0 0 0 0 0 0 0 0 0 0 0 0 0 109 252 252 252 253 189 153 0 0 0 0 0 0 0 0 0 0 0 0 0 0 0 0 0 0 0 27 120 212 252 252 252 191 15 0 0 0 0 0 0 0 0 0 0 0 0 0 0 0 0 0 0 0 125 221 252 253 252 252 252 253 35 0 0 0 0 0 0 0 0 0 0 0 0 0 0 0 0 0 0 110 253 253 253 145 73 253 253 255 35 0 0 0 0 0 0 0 0 0 0 0 0 0 0 0 0 0 42 232 252 200 179 20 31 211 252 253 35 0 0 0 0 0 0 0 0 0 0 0 0 0 0 0 0 27 221 252 241 61 0 0 73 252 252 253 35 0 0 0 0 0 0 0 0 0 0 0 0 0 0 0 0 120 252 252 97 0 0 0 73 252 252 253 35 0 0 0 0 0 0 0 0 0 0 0 0 0 0 0 0 182 253 253 35 0 0 0 73 253 253 208 20 0 0 0 0 0 0 0 0 0 0 0 0 0 0 0 0 181 252 252 222 134 217 135 227 252 252 104 0 0 0 0 0 0 0 0 0 0 0 0 0 0 0 0 0 72 236 252 252 252 252 253 252 252 148 0 0 0 0 0 0 0 0 0 0 0 0 0 0 0 0 0 0 0 62 169 252 252 252 253 210 108 46 0 0 0 0 0 0 0 0 0 0 0 0 0 0 0 0 0 0 0 0 0 0 0 0 0 0 0 0 0 0 0 0 0 0 0 0 0 0 0 0 0 0 0 0 0 0 0 0 0 0 0 0 0 0 0 0 0 0 0 0 0 0 0 0 0 0 0 0 0 0 0 0 0 0 0 0 0 0 0 0 0 0 0 0 0 0 0 0 0 0 0 0 0 0 0 0 
0 0 0 0 0 0 0 0 0 0 0 0 0 0 0 0 0 0 0 0 0 0 0 0 0 0 0 0 0 0 0 0 0 0 0 0 0 0 0 0 0 0 0 0 0 0 0 0 0 0 0 0 0 0 0 0 0 0 0 0 0 0 0 0 0 0 0 0 0 0 0 0 0 0 0 0 0 0 0 0 0 0 0 0 0 0 0 0 0 0 0 0 0 0 0 0 0 0 0 0 0 0 0 0 0 0 0 0 0 0 0 0 0 0 0 0 0 0 0 0 0 0 0 0 0 0 41 137 137 137 253 242 60 14 0 0 0 0 0 0 0 0 0 0 0 0 0 0 0 0 0 0 0 98 225 254 254 254 254 254 254 189 0 0 0 0 0 0 0 0 0 0 0 0 0 0 0 0 0 0 0 160 254 213 145 201 195 83 195 233 36 0 0 0 0 0 0 0 0 0 0 0 0 0 0 0 0 0 0 160 177 15 0 0 0 0 166 224 28 0 0 0 0 0 0 0 0 0 0 0 0 0 0 0 0 0 0 30 14 0 0 0 0 0 166 254 53 0 0 0 0 0 0 0 0 0 0 0 0 0 0 0 0 3 108 40 0 0 0 0 6 122 245 196 6 0 0 0 0 0 0 0 0 0 0 0 0 0 0 0 0 6 254 95 0 0 0 3 128 254 251 129 0 0 0 0 0 0 0 0 0 0 0 0 0 0 0 0 0 6 254 164 8 0 65 192 254 241 80 0 0 0 0 0 0 0 0 0 0 0 0 0 0 0 0 0 0 3 184 254 133 160 240 254 227 40 0 0 0 0 0 0 0 0 0 0 0 0 0 0 0 0 0 0 0 0 60 254 255 254 255 147 38 0 0 0 0 0 0 0 0 0 0 0 0 0 0 0 0 0 0 0 0 2 95 254 254 254 90 6 0 0 0 0 0 0 0 0 0 0 0 0 0 0 0 0 0 0 0 0 41 154 254 254 255 254 41 0 0 0 0 0 0 0 0 0 0 0 0 0 0 0 0 0 0 0 0 0 160 252 141 87 221 254 41 0 0 0 0 0 0 0 0 0 0 0 0 0 0 0 0 0 0 0 4 206 254 182 0 0 178 254 102 0 0 0 0 0 0 0 0 0 0 0 0 0 0 0 0 0 0 7 148 254 178 5 0 0 178 254 159 0 0 0 0 0 0 0 0 0 0 0 0 0 0 0 0 0 0 54 254 238 24 0 0 28 228 254 82 0 0 0 0 0 0 0 0 0 0 0 0 0 0 0 0 0 0 54 254 165 0 0 0 128 254 254 41 0 0 0 0 0 0 0 0 0 0 0 0 0 0 0 0 0 0 54 254 236 62 44 202 235 254 154 9 0 0 0 0 0 0 0 0 0 0 0 0 0 0 0 0 0 0 8 199 254 240 237 254 254 203 8 0 0 0 0 0 0 0 0 0 0 0 0 0 0 0 0 0 0 0 0 46 233 254 254 254 179 49 0 0 0 0 0 0 0 0 0 0 0 0 0 0 0 0 0 0 0 0 0 0 0 0 0 0 0 0 0 0 0 0 0 0 0 0 0 0 0 0 0 0 0 0 0 0 0 0 0 0 0 0 0 0 0 0 0 0 0 0 0 0 0 0 0 0 0 0 0 0 0 0 0 0 0 0 0 0 0 0 0 0 0 0 0 0 0 0 0 0 0 0 0 0 0 0 0 0 0 0 0 0 0 0 0 0 0 0 0 0 0 0 0 0 0 0 0 0 0 0 0 0 0 0 0 
0 0 0 0 0 0 0 0 0 0 0 0 0 0 0 0 0 0 0 0 0 0 0 0 0 0 0 0 0 0 0 0 0 0 0 0 0 0 0 0 0 0 0 0 0 0 0 0 0 0 0 0 0 0 0 0 0 0 0 0 0 0 0 0 0 0 0 0 0 0 0 0 0 0 0 0 0 0 0 0 0 0 0 0 0 0 0 0 0 0 0 0 0 0 0 0 0 0 0 0 0 0 0 0 0 0 0 0 0 0 0 0 0 0 0 0 0 0 0 0 0 0 0 0 0 0 0 0 0 0 0 0 0 0 0 0 0 0 0 0 0 0 0 0 0 0 0 0 0 0 0 0 0 0 0 0 138 238 217 68 0 0 0 0 0 0 0 0 0 0 0 0 0 0 0 0 0 0 0 0 0 0 0 150 254 254 254 232 0 0 0 0 0 0 0 0 0 0 0 0 0 0 0 0 0 0 0 0 0 0 63 224 254 145 254 240 22 0 0 0 0 0 0 0 0 0 0 0 0 0 0 0 0 0 0 0 15 160 253 254 254 187 254 180 0 0 0 0 0 0 0 0 0 0 0 0 0 0 0 0 0 0 0 0 184 254 184 207 254 254 248 51 0 0 0 0 0 0 0 0 0 0 0 0 0 0 0 0 0 0 0 123 252 206 17 47 254 254 128 0 0 0 0 0 0 0 0 0 0 0 0 0 0 0 0 0 0 0 0 229 254 43 0 165 254 159 6 0 0 0 0 0 0 0 0 0 0 0 0 0 0 0 0 0 0 0 0 229 237 23 42 235 218 24 0 0 0 0 0 0 0 0 0 0 0 0 0 0 0 0 0 0 0 0 0 213 254 105 212 247 50 0 0 0 0 0 0 0 0 0 0 0 0 0 0 0 0 0 0 0 0 0 0 60 249 254 254 128 0 0 0 0 0 0 0 0 0 0 0 0 0 0 0 0 0 0 0 0 0 0 0 0 139 254 254 163 8 0 0 0 0 0 0 0 0 0 0 0 0 0 0 0 0 0 0 0 0 0 0 0 164 254 243 254 89 0 0 0 0 0 0 0 0 0 0 0 0 0 0 0 0 0 0 0 0 0 0 56 249 177 49 235 202 0 0 0 0 0 0 0 0 0 0 0 0 0 0 0 0 0 0 0 0 0 7 213 249 50 0 212 247 41 0 0 0 0 0 0 0 0 0 0 0 0 0 0 0 0 0 0 0 0 69 254 158 0 0 212 254 52 0 0 0 0 0 0 0 0 0 0 0 0 0 0 0 0 0 0 0 0 212 254 30 0 0 212 254 52 0 0 0 0 0 0 0 0 0 0 0 0 0 0 0 0 0 0 0 4 235 213 8 0 37 243 241 32 0 0 0 0 0 0 0 0 0 0 0 0 0 0 0 0 0 0 0 19 240 200 4 5 193 254 126 0 0 0 0 0 0 0 0 0 0 0 0 0 0 0 0 0 0 0 0 0 232 254 212 218 254 195 15 0 0 0 0 0 0 0 0 0 0 0 0 0 0 0 0 0 0 0 0 0 68 216 254 254 166 14 0 0 0 0 0 0 0 0 0 0 0 0 0 0 0 0 0 0 0 0 0 0 0 0 0 0 0 0 0 0 0 0 0 0 0 0 0 0 0 0 0 0 0 0 0 0 0 0 0 0 0 0 0 0 0 0 0 0 0 0 0 0 0 0 0 0 0 0 0 0 0 0 0 0 0 0 0 0 0 0 0 0 0 0 0 0 0 0 0 0 0 0 0 0 0 0 
0 0 0 0 0 0 0 0 0 0 0 0 0 0 0 0 0 0 0 0 0 0 0 0 0 0 0 0 0 0 0 0 0 0 0 0 0 0 0 0 0 0 0 0 0 0 0 0 0 0 0 0 0 0 0 0 0 0 0 0 0 0 0 0 0 0 0 0 0 0 0 0 0 0 0 0 0 0 0 0 0 0 0 0 0 0 0 0 0 0 0 0 0 0 0 0 0 0 0 0 0 0 0 0 0 0 0 0 0 0 0 0 0 0 0 0 0 0 0 0 0 0 0 0 0 0 0 0 0 0 0 0 0 0 0 0 0 0 0 0 0 0 0 0 0 0 0 0 0 0 11 51 51 132 214 253 234 51 0 0 0 0 0 0 0 0 0 0 0 0 0 0 0 0 0 0 0 82 213 252 253 252 253 252 253 151 0 0 0 0 0 0 0 0 0 0 0 0 0 0 0 0 0 21 173 253 255 253 224 162 102 61 0 0 0 0 0 0 0 0 0 0 0 0 0 0 0 0 0 0 0 183 253 252 233 151 20 0 0 0 0 0 0 0 0 0 0 0 0 0 0 0 0 0 0 0 0 0 31 233 255 253 62 0 0 0 0 0 0 0 0 0 0 0 0 0 0 0 0 0 0 0 0 0 0 0 10 212 253 252 223 122 0 0 0 0 0 0 0 0 0 0 0 0 0 0 0 0 0 0 0 0 0 0 0 41 214 253 254 253 193 51 0 0 0 0 31 51 51 51 51 31 0 0 0 0 0 0 0 0 0 0 0 0 10 91 253 252 253 232 183 102 123 203 233 252 253 252 253 232 123 0 0 0 0 0 0 0 0 0 0 0 0 0 21 183 234 253 254 253 254 253 254 253 254 233 255 253 255 50 0 0 0 0 0 0 0 0 0 0 0 0 0 0 51 232 253 252 253 252 192 111 50 30 50 212 213 10 0 0 0 0 0 0 0 0 0 0 0 0 0 0 113 253 254 253 254 253 21 0 0 0 0 0 41 0 0 0 0 0 0 0 0 0 0 0 0 0 0 41 233 252 253 212 253 252 102 0 0 0 0 0 0 0 0 0 0 0 0 0 0 0 0 0 0 0 31 233 254 233 82 102 254 253 102 0 0 0 0 0 0 0 0 0 0 0 0 0 0 0 0 0 0 0 92 252 253 151 0 102 253 252 102 0 0 0 0 0 0 0 0 0 0 0 0 0 0 0 0 0 0 0 214 253 254 151 0 163 254 253 102 0 0 0 0 0 0 0 0 0 0 0 0 0 0 0 0 0 0 0 213 252 253 151 41 243 253 252 102 0 0 0 0 0 0 0 0 0 0 0 0 0 0 0 0 0 0 0 52 253 255 172 214 253 255 172 0 0 0 0 0 0 0 0 0 0 0 0 0 0 0 0 0 0 0 0 31 232 253 252 253 252 253 50 0 0 0 0 0 0 0 0 0 0 0 0 0 0 0 0 0 0 0 0 0 204 255 253 255 253 142 20 0 0 0 0 0 0 0 0 0 0 0 0 0 0 0 0 0 0 0 0 0 40 172 252 233 111 0 0 0 0 0 0 0 0 0 0 0 0 0 0 0 0 0 0 0 0 0 0 0 0 0 0 0 0 0 0 0 0 0 0 0 0 0 0 0 0 0 0 0 0 0 0 0 0 0 0 0 0 0 0 0 0 0 0 0 0 0 0 0 0 0 0 0 0 0 0 0 0 0 0 0 0 0 0 0 0 0 0 0 0 0 0 0 0 0 0 0 0 0 0 0 0 
0 0 0 0 0 0 0 0 0 0 0 0 0 0 0 0 0 0 0 0 0 0 0 0 0 0 0 0 0 0 0 0 0 0 0 0 0 0 0 0 0 0 0 0 0 0 0 0 0 0 0 0 0 0 0 0 0 0 0 0 0 0 0 0 0 0 0 0 0 0 0 0 0 0 0 0 0 0 0 0 0 0 0 0 0 0 0 0 0 0 0 0 0 0 0 0 0 0 0 0 0 0 0 0 0 0 0 0 0 0 0 0 0 0 0 0 0 0 0 0 0 0 0 0 0 0 0 0 0 0 0 0 0 0 0 0 0 0 0 0 0 0 0 0 0 0 0 0 0 0 0 87 138 170 253 201 244 212 222 138 86 22 0 0 0 0 0 0 0 0 0 0 0 0 0 0 0 0 95 253 252 252 252 252 253 252 252 252 252 245 80 0 0 0 0 0 0 0 0 0 0 0 0 0 0 68 246 205 69 69 69 69 69 69 69 69 205 253 240 50 0 0 0 0 0 0 0 0 0 0 0 0 0 187 252 218 34 0 0 0 0 0 0 0 116 253 252 69 0 0 0 0 0 0 0 0 0 0 0 0 116 248 252 253 92 0 0 0 0 0 0 95 230 253 157 6 0 0 0 0 0 0 0 0 0 0 0 0 116 249 253 189 42 0 0 0 0 36 170 253 243 158 0 0 0 0 0 0 0 0 0 0 0 0 0 0 0 133 252 245 140 34 0 0 57 219 252 235 60 0 0 0 0 0 0 0 0 0 0 0 0 0 0 0 0 25 205 253 252 234 184 184 253 240 100 44 0 0 0 0 0 0 0 0 0 0 0 0 0 0 0 0 0 0 21 161 219 252 252 252 234 37 0 0 0 0 0 0 0 0 0 0 0 0 0 0 0 0 0 0 0 0 0 11 203 252 252 252 251 135 0 0 0 0 0 0 0 0 0 0 0 0 0 0 0 0 0 0 0 9 76 255 253 205 168 220 255 253 137 5 0 0 0 0 0 0 0 0 0 0 0 0 0 0 0 0 0 114 252 249 132 25 0 0 180 252 252 45 0 0 0 0 0 0 0 0 0 0 0 0 0 0 0 0 51 220 252 199 0 0 0 0 38 186 252 154 7 0 0 0 0 0 0 0 0 0 0 0 0 0 0 0 184 252 252 21 0 0 0 0 0 67 252 252 22 0 0 0 0 0 0 0 0 0 0 0 0 0 0 0 184 252 200 0 0 0 0 0 0 47 252 252 22 0 0 0 0 0 0 0 0 0 0 0 0 0 0 0 185 253 201 0 0 0 0 0 3 118 253 245 21 0 0 0 0 0 0 0 0 0 0 0 0 0 0 0 163 252 252 0 0 0 0 0 97 252 252 87 0 0 0 0 0 0 0 0 0 0 0 0 0 0 0 0 51 240 252 123 70 70 112 184 222 252 170 13 0 0 0 0 0 0 0 0 0 0 0 0 0 0 0 0 0 165 252 253 252 252 252 252 245 139 13 0 0 0 0 0 0 0 0 0 0 0 0 0 0 0 0 0 0 9 75 253 252 221 137 137 21 0 0 0 0 0 0 0 0 0 0 0 0 0 0 0 0 0 0 0 0 0 0 0 0 0 0 0 0 0 0 0 0 0 0 0 0 0 0 0 0 0 0 0 0 0 0 0 0 0 0 0 0 0 0 0 0 0 0 0 0 0 0 0 0 0 0 0 0 0 0 0 0 0 0 0 0 0 0 0 0 0 0 0 0 0 0 0 0 0 0 0 0 0 0 0 
0 0 0 0 0 0 0 0 0 0 0 0 0 0 0 0 0 0 0 0 0 0 0 0 0 0 0 0 0 0 0 0 0 0 0 0 0 0 0 0 0 0 0 0 0 0 0 0 0 0 0 0 0 0 0 0 0 0 0 0 0 0 0 0 0 0 0 0 0 0 0 0 0 0 0 0 0 0 0 0 0 0 0 0 0 0 0 0 0 0 0 0 0 0 0 0 0 0 0 0 0 0 0 0 0 0 0 0 0 0 0 0 0 0 0 0 0 0 0 0 0 0 0 0 0 0 6 139 253 253 172 132 132 35 2 0 0 0 0 0 0 0 0 0 0 0 0 0 0 0 0 0 0 0 190 253 252 252 236 245 252 252 47 0 0 0 0 0 0 0 0 0 0 0 0 0 0 0 0 0 14 21 241 228 96 96 32 69 198 252 155 0 0 0 0 0 0 0 0 0 0 0 0 0 0 0 0 0 177 216 225 40 0 0 0 0 73 252 220 16 0 0 0 0 0 0 0 0 0 0 0 0 0 0 0 0 217 252 103 0 0 0 0 0 73 252 229 18 0 0 0 0 0 0 0 0 0 0 0 0 0 0 0 0 126 252 46 0 0 0 0 81 210 252 122 0 0 0 0 0 0 0 0 0 0 0 0 0 0 0 0 0 65 244 230 41 0 0 137 239 252 143 7 0 0 0 0 0 0 0 0 0 0 0 0 0 0 0 0 0 0 229 252 121 10 115 241 252 143 7 0 0 0 0 0 0 0 0 0 0 0 0 0 0 0 0 0 0 0 177 252 241 231 252 179 58 6 0 0 0 0 0 0 0 0 0 0 0 0 0 0 0 0 0 0 0 0 166 252 253 241 115 4 0 0 0 0 0 0 0 0 0 0 0 0 0 0 0 0 0 0 0 0 10 162 253 253 255 109 0 0 0 0 0 0 0 0 0 0 0 0 0 0 0 0 0 0 0 0 0 7 209 252 242 251 253 176 0 0 0 0 0 0 0 0 0 0 0 0 0 0 0 0 0 0 0 0 55 184 252 192 55 241 253 228 0 0 0 0 0 0 0 0 0 0 0 0 0 0 0 0 0 0 0 114 229 252 213 127 0 241 253 205 0 0 0 0 0 0 0 0 0 0 0 0 0 0 0 0 0 0 27 229 252 206 36 0 27 244 253 108 0 0 0 0 0 0 0 0 0 0 0 0 0 0 0 0 0 7 156 252 206 14 0 28 150 252 244 26 0 0 0 0 0 0 0 0 0 0 0 0 0 0 0 0 0 25 252 252 151 0 0 97 252 252 143 0 0 0 0 0 0 0 0 0 0 0 0 0 0 0 0 0 0 25 252 252 198 97 137 230 252 252 17 0 0 0 0 0 0 0 0 0 0 0 0 0 0 0 0 0 0 3 114 252 252 252 252 252 252 33 0 0 0 0 0 0 0 0 0 0 0 0 0 0 0 0 0 0 0 0 19 131 218 252 252 148 80 1 0 0 0 0 0 0 0 0 0 0 0 0 0 0 0 0 0 0 0 0 0 0 0 0 0 0 0 0 0 0 0 0 0 0 0 0 0 0 0 0 0 0 0 0 0 0 0 0 0 0 0 0 0 0 0 0 0 0 0 0 0 0 0 0 0 0 0 0 0 0 0 0 0 0 0 0 0 0 0 0 0 0 0 0 0 0 0 0 0 0 0 0 0 0 0 0 0 0 0 0 0 0 0 0 0 0 0 0 0 0 0 0 0 0 0 0 0 0 0 0 0 0 0 0 0 
0 0 0 0 0 0 0 0 0 0 0 0 0 0 0 0 0 0 0 0 0 0 0 0 0 0 0 0 0 0 0 0 0 0 0 0 0 0 0 0 0 0 0 0 0 0 0 0 0 0 0 0 0 0 0 0 0 0 0 0 0 0 0 0 0 0 0 0 0 0 0 0 0 0 0 0 0 0 0 0 0 0 0 0 0 0 0 0 0 0 0 0 0 0 0 0 0 0 0 0 0 0 0 0 0 0 0 0 0 0 0 0 0 0 0 0 0 0 0 0 0 0 0 0 0 0 0 67 173 180 159 36 0 0 0 0 0 0 0 0 0 0 0 0 0 0 0 0 0 0 0 0 0 0 84 243 253 253 253 220 24 0 0 0 0 0 0 0 0 0 0 0 0 0 0 0 0 0 0 0 27 173 194 254 253 253 253 253 85 0 0 0 0 0 0 0 0 0 0 0 0 0 0 0 0 0 0 54 216 253 253 254 213 208 253 253 140 0 0 0 0 0 0 0 0 0 0 0 0 0 0 0 0 0 28 220 253 253 253 217 26 201 253 253 53 0 0 0 0 0 0 0 0 0 0 0 0 0 0 0 0 4 193 253 253 253 246 105 87 253 253 225 26 0 0 0 0 0 0 0 0 0 0 0 0 0 0 0 0 48 253 253 253 212 106 47 245 253 253 46 0 0 0 0 0 0 0 0 0 0 0 0 0 0 0 0 0 48 253 253 219 67 56 247 253 253 125 1 0 0 0 0 0 0 0 0 0 0 0 0 0 0 0 0 0 25 230 253 103 14 205 254 253 234 13 0 0 0 0 0 0 0 0 0 0 0 0 0 0 0 0 0 0 0 172 253 193 146 253 254 239 60 0 0 0 0 0 0 0 0 0 0 0 0 0 0 0 0 0 0 0 0 7 207 254 254 254 255 156 0 0 0 0 0 0 0 0 0 0 0 0 0 0 0 0 0 0 0 0 0 0 129 253 253 253 254 189 43 0 0 0 0 0 0 0 0 0 0 0 0 0 0 0 0 0 0 0 0 1 160 253 253 253 254 253 226 73 0 0 0 0 0 0 0 0 0 0 0 0 0 0 0 0 0 0 0 82 253 253 253 225 198 253 253 228 40 0 0 0 0 0 0 0 0 0 0 0 0 0 0 0 0 0 9 173 253 253 219 71 5 53 253 253 190 26 0 0 0 0 0 0 0 0 0 0 0 0 0 0 0 0 130 253 253 248 87 7 44 133 253 253 253 47 0 0 0 0 0 0 0 0 0 0 0 0 0 0 0 0 235 253 253 180 96 206 254 253 253 253 188 14 0 0 0 0 0 0 0 0 0 0 0 0 0 0 0 0 43 242 253 253 253 253 254 253 230 133 11 0 0 0 0 0 0 0 0 0 0 0 0 0 0 0 0 0 0 186 253 253 253 253 201 117 22 0 0 0 0 0 0 0 0 0 0 0 0 0 0 0 0 0 0 0 0 5 131 180 128 100 0 0 0 0 0 0 0 0 0 0 0 0 0 0 0 0 0 0 0 0 0 0 0 0 0 0 0 0 0 0 0 0 0 0 0 0 0 0 0 0 0 0 0 0 0 0 0 0 0 0 0 0 0 0 0 0 0 0 0 0 0 0 0 0 0 0 0 0 0 0 0 0 0 0 0 0 0 0 0 0 0 0 0 0 0 0 0 0 0 0 0 0 0 0 0 0 0 0 0 0 0 0 0 0 0 0 0 0 0 0 0 0 0 0 0 0 0 0 0 0 0 0 0 0 0 
0 0 0 0 0 0 0 0 0 0 0 0 0 0 0 0 0 0 0 0 0 0 0 0 0 0 0 0 0 0 0 0 0 0 0 0 0 0 0 0 0 0 0 0 0 0 0 0 0 0 0 0 0 0 0 0 0 0 0 0 0 0 0 0 0 0 0 0 0 0 0 0 0 0 0 0 0 0 0 0 0 0 0 0 0 0 0 0 0 0 0 0 0 0 0 0 0 0 0 0 0 0 0 0 0 0 0 0 0 0 0 0 0 0 0 0 0 0 0 0 0 0 0 41 34 169 254 253 155 155 73 0 0 0 0 0 0 0 0 0 0 0 0 0 0 0 0 0 0 0 21 214 236 253 252 244 250 253 241 111 0 0 0 0 0 0 0 0 0 0 0 0 0 0 0 0 0 0 229 253 253 229 151 2 54 203 253 245 49 0 0 0 0 0 0 0 0 0 0 0 0 0 0 0 0 113 250 254 172 22 0 0 0 29 253 254 152 0 0 0 0 0 0 0 0 0 0 0 0 0 0 0 14 229 253 127 36 0 0 0 0 5 128 254 142 0 0 0 0 0 0 0 0 0 0 0 0 0 0 0 111 253 238 34 0 0 0 0 0 0 160 251 75 0 0 0 0 0 0 0 0 0 0 0 0 0 0 0 192 253 151 0 135 185 70 0 0 45 231 195 0 0 0 0 0 0 0 0 0 0 0 0 0 0 0 52 231 253 246 167 247 253 251 48 40 215 253 128 0 0 0 0 0 0 0 0 0 0 0 0 0 0 0 0 83 253 253 253 253 254 253 207 254 253 227 42 0 0 0 0 0 0 0 0 0 0 0 0 0 0 0 0 1 49 244 253 253 253 253 253 253 253 120 26 0 0 0 0 0 0 0 0 0 0 0 0 0 0 0 0 0 77 253 252 209 252 253 253 253 253 253 229 62 0 0 0 0 0 0 0 0 0 0 0 0 0 0 0 0 175 253 107 0 132 179 114 95 139 234 254 173 0 0 0 0 0 0 0 0 0 0 0 0 0 0 0 23 241 253 69 0 52 18 0 0 0 94 234 241 148 4 0 0 0 0 0 0 0 0 0 0 0 0 0 120 253 253 69 0 0 0 0 0 0 0 125 253 244 47 0 0 0 0 0 0 0 0 0 0 0 0 0 32 254 138 8 0 0 0 0 0 0 0 25 217 236 32 0 0 0 0 0 0 0 0 0 0 0 0 0 21 253 216 49 0 0 0 0 0 0 0 8 203 229 19 0 0 0 0 0 0 0 0 0 0 0 0 0 21 254 254 167 80 22 1 14 0 30 63 186 253 219 0 0 0 0 0 0 0 0 0 0 0 0 0 0 6 159 253 253 253 228 191 215 190 244 253 254 253 109 0 0 0 0 0 0 0 0 0 0 0 0 0 0 0 3 190 241 253 254 254 253 254 253 253 231 107 1 0 0 0 0 0 0 0 0 0 0 0 0 0 0 0 0 0 40 110 153 173 253 167 100 88 28 0 0 0 0 0 0 0 0 0 0 0 0 0 0 0 0 0 0 0 0 0 0 0 0 0 0 0 0 0 0 0 0 0 0 0 0 0 0 0 0 0 0 0 0 0 0 0 0 0 0 0 0 0 0 0 0 0 0 0 0 0 0 0 0 0 0 0 0 0 0 0 0 0 0 0 0 0 0 0 0 0 0 0 0 0 0 0 0 0 0 0 0 0 0 0 0 0 0 0 0 0 0 0 0 0 0 0 0 0 0 0 0 0 0 0 0 0 0 0 0 
0 0 0 0 0 0 0 0 0 0 0 0 0 0 0 0 0 0 0 0 0 0 0 0 0 0 0 0 0 0 0 0 0 0 0 0 0 0 0 0 0 0 0 0 0 0 0 0 0 0 0 0 0 0 0 0 0 0 0 0 0 0 0 0 0 0 0 0 0 0 0 0 0 0 0 0 0 0 0 0 0 0 0 0 0 0 0 0 0 0 0 0 0 0 0 0 0 0 0 0 0 0 0 0 0 0 0 0 0 0 0 0 0 0 0 0 0 0 0 0 0 0 0 14 145 230 106 0 0 0 0 0 0 0 0 0 0 0 0 0 0 0 0 0 0 0 0 0 0 0 0 74 254 254 253 116 0 0 0 0 0 0 0 0 0 0 0 0 0 0 0 0 0 0 0 0 0 0 0 74 254 229 180 253 108 0 0 0 0 0 0 0 0 0 0 0 0 0 0 0 0 0 0 0 0 0 0 20 232 254 74 254 155 0 0 0 0 0 0 0 0 0 0 0 0 0 0 0 0 0 0 0 0 0 0 0 213 254 42 164 155 0 0 0 0 0 0 0 0 0 0 0 0 0 0 0 0 0 0 0 0 0 0 0 121 254 71 156 155 0 26 74 74 167 149 41 0 0 0 0 0 0 0 0 0 0 0 0 0 0 0 0 29 254 151 83 137 93 235 254 243 187 92 32 0 0 0 0 0 0 0 0 0 0 0 0 0 0 0 0 16 254 253 125 237 254 207 94 25 0 0 0 0 0 0 0 0 0 0 0 0 0 0 0 0 0 0 0 9 217 254 254 252 129 10 0 0 0 0 0 0 0 0 0 0 0 0 0 0 0 0 0 0 0 0 0 32 221 254 254 92 0 0 0 0 0 0 0 0 0 0 0 0 0 0 0 0 0 0 0 0 0 0 59 227 254 254 254 52 0 0 0 0 0 0 0 0 0 0 0 0 0 0 0 0 0 0 0 0 0 75 220 195 201 231 254 154 0 0 0 0 0 0 0 0 0 0 0 0 0 0 0 0 0 0 0 0 0 167 229 49 22 177 254 155 0 0 0 0 0 0 0 0 0 0 0 0 0 0 0 0 0 0 0 0 45 202 241 25 0 12 254 249 4 0 0 0 0 0 0 0 0 0 0 0 0 0 0 0 0 0 0 0 116 246 84 0 0 6 254 254 5 0 0 0 0 0 0 0 0 0 0 0 0 0 0 0 0 0 0 42 248 220 0 0 0 109 254 254 5 0 0 0 0 0 0 0 0 0 0 0 0 0 0 0 0 0 0 99 254 125 0 0 45 225 254 160 2 0 0 0 0 0 0 0 0 0 0 0 0 0 0 0 0 0 0 52 254 128 3 67 242 254 201 8 0 0 0 0 0 0 0 0 0 0 0 0 0 0 0 0 0 0 0 29 239 245 188 254 240 108 0 0 0 0 0 0 0 0 0 0 0 0 0 0 0 0 0 0 0 0 0 0 69 246 255 162 71 0 0 0 0 0 0 0 0 0 0 0 0 0 0 0 0 0 0 0 0 0 0 0 0 0 0 0 0 0 0 0 0 0 0 0 0 0 0 0 0 0 0 0 0 0 0 0 0 0 0 0 0 0 0 0 0 0 0 0 0 0 0 0 0 0 0 0 0 0 0 0 0 0 0 0 0 0 0 0 0 0 0 0 0 0 0 0 0 0 0 0 0 0 0 0 0 0 0 0 0 0 0 0 0 0 0 0 0 0 0 0 0 0 0 0 0 0 0 0 0 0 0 0 0 0 0 
0 0 0 0 0 0 0 0 0 0 0 0 0 0 0 0 0 0 0 0 0 0 0 0 0 0 0 0 0 0 0 0 0 0 0 0 0 0 0 0 0 0 0 0 0 0 0 0 0 0 0 0 0 0 0 0 0 0 0 0 0 0 0 0 0 0 0 0 0 0 0 0 0 0 0 0 0 0 0 0 0 0 0 0 0 0 0 0 0 0 0 0 0 0 0 0 0 0 0 0 0 0 0 0 0 0 0 0 0 0 0 0 0 0 0 0 0 0 0 0 0 0 0 0 0 0 0 0 0 0 0 0 0 0 0 0 0 0 0 0 0 0 0 0 0 0 0 0 4 29 66 141 204 253 253 253 255 253 231 225 229 110 0 0 0 0 0 0 0 0 0 0 0 0 0 101 179 252 252 252 228 214 196 145 84 84 19 0 60 103 0 0 0 0 0 0 0 0 0 0 0 0 104 246 253 233 80 56 31 19 0 0 0 0 0 0 0 0 0 0 0 0 0 0 0 0 0 0 0 101 246 202 241 59 0 0 0 0 0 0 0 0 0 0 0 0 0 0 0 0 0 0 0 0 0 0 26 244 253 40 0 0 0 0 0 0 0 0 0 0 0 13 41 141 131 0 0 0 0 0 0 0 0 0 0 169 252 215 57 57 57 32 0 0 0 0 0 13 57 194 247 121 19 0 0 0 0 0 0 0 0 0 0 63 234 252 253 252 252 228 198 122 85 47 10 172 252 127 50 0 0 0 0 0 0 0 0 0 0 0 0 0 59 190 253 252 252 252 253 252 252 240 229 252 77 3 0 0 0 0 0 0 0 0 0 0 0 0 0 0 0 0 0 26 25 0 13 113 223 253 254 253 253 103 13 0 0 0 0 0 0 0 0 0 0 0 0 0 0 0 0 0 0 0 0 63 234 227 134 159 240 252 138 0 0 0 0 0 0 0 0 0 0 0 0 0 0 0 0 0 0 0 23 234 252 103 0 0 159 252 247 66 0 0 0 0 0 0 0 0 0 0 0 0 0 0 0 0 0 0 128 252 214 15 0 0 10 178 253 209 25 0 0 0 0 0 0 0 0 0 0 0 0 0 0 0 0 63 254 247 50 0 0 0 0 63 254 253 56 0 0 0 0 0 0 0 0 0 0 0 0 0 0 0 0 138 253 171 0 0 0 0 0 113 253 252 56 0 0 0 0 0 0 0 0 0 0 0 0 0 0 0 0 225 231 19 0 0 0 0 29 210 253 252 56 0 0 0 0 0 0 0 0 0 0 0 0 0 0 0 0 225 225 0 0 0 0 26 210 252 253 202 6 0 0 0 0 0 0 0 0 0 0 0 0 0 0 0 0 226 242 66 29 29 104 253 253 253 239 38 0 0 0 0 0 0 0 0 0 0 0 0 0 0 0 0 0 150 253 252 252 252 253 252 252 252 125 0 0 0 0 0 0 0 0 0 0 0 0 0 0 0 0 0 0 76 253 252 252 252 253 252 186 68 0 0 0 0 0 0 0 0 0 0 0 0 0 0 0 0 0 0 0 0 40 165 252 202 140 65 6 0 0 0 0 0 0 0 0 0 0 0 0 0 0 0 0 0 0 0 0 0 0 0 0 0 0 0 0 0 0 0 0 0 0 0 0 0 0 0 0 0 0 0 0 0 0 0 0 0 0 0 0 0 0 0 0 0 0 0 0 0 0 0 0 0 0 0 0 0 0 0 0 0 0 0 0 0 0 0 0 0 0 0 0 0 0 0 0 0 0 0 0 0 
0 0 0 0 0 0 0 0 0 0 0 0 0 0 0 0 0 0 0 0 0 0 0 0 0 0 0 0 0 0 0 0 0 0 0 0 0 0 0 0 0 0 0 0 0 0 0 0 0 0 0 0 0 0 0 0 0 0 0 0 0 0 0 0 0 0 0 0 0 0 0 0 0 0 0 0 0 0 0 0 0 0 0 0 0 0 0 0 0 0 0 0 0 0 0 0 0 0 0 0 0 0 0 0 0 0 0 0 0 0 0 0 0 0 0 0 0 0 0 0 0 0 0 0 0 0 0 0 0 0 0 0 0 0 0 0 0 0 0 0 0 0 0 0 0 0 0 0 0 0 0 0 0 0 0 0 128 128 128 191 255 255 128 0 0 0 0 0 0 0 0 0 0 0 0 0 0 0 0 0 0 0 191 255 255 255 255 255 255 255 255 64 0 0 0 0 0 0 0 0 0 0 0 0 0 0 0 191 191 0 255 255 255 191 128 0 0 255 255 128 0 0 0 0 0 0 0 0 0 0 0 0 0 0 0 255 255 0 128 255 191 0 0 0 64 255 255 64 0 0 0 0 0 0 0 0 0 0 0 0 0 0 64 255 255 0 0 0 0 0 0 64 255 255 255 0 0 0 0 0 0 0 0 0 0 0 0 0 0 0 64 255 255 64 0 0 0 0 128 255 255 191 0 0 0 0 0 0 0 0 0 0 0 0 0 0 0 0 0 255 255 191 0 0 0 191 255 255 191 0 0 0 0 0 0 0 0 0 0 0 0 0 0 0 0 0 0 191 255 255 64 64 191 255 255 191 0 0 0 0 0 0 0 0 0 0 0 0 0 0 0 0 0 0 0 0 255 255 255 255 255 255 64 0 0 0 0 0 0 0 0 0 0 0 0 0 0 0 0 0 0 0 0 0 255 255 255 255 191 0 0 0 0 0 0 0 0 0 0 0 0 0 0 0 0 0 0 0 0 0 0 191 255 255 255 128 0 0 0 0 0 0 0 0 0 0 0 0 0 0 0 0 0 0 0 0 0 0 128 255 255 255 255 128 0 0 0 0 0 0 0 0 0 0 0 0 0 0 0 0 0 0 0 0 0 191 255 255 128 128 255 255 0 0 0 0 0 0 0 0 0 0 0 0 0 0 0 0 0 0 0 0 191 255 255 64 0 128 255 255 0 0 0 0 0 0 0 0 0 0 0 0 0 0 0 0 0 0 0 64 255 255 128 0 0 191 255 128 0 0 0 0 0 0 0 0 0 0 0 0 0 0 0 0 0 0 64 255 255 64 0 0 128 255 255 128 0 0 0 0 0 0 0 0 0 0 0 0 0 0 0 0 0 0 128 255 255 0 0 128 255 255 191 0 0 0 0 0 0 0 0 0 0 0 0 0 0 0 0 0 0 0 128 255 255 128 128 255 255 255 64 0 0 0 0 0 0 0 0 0 0 0 0 0 0 0 0 0 0 0 0 191 255 255 255 255 191 64 0 0 0 0 0 0 0 0 0 0 0 0 0 0 0 0 0 0 0 0 0 0 128 255 255 128 64 0 0 0 0 0 0 0 0 0 0 0 0 0 0 0 0 0 0 0 0 0 0 0 0 0 0 0 0 0 0 0 0 0 0 0 0 0 0 0 0 0 0 0 0 0 0 0 0 0 0 0 0 0 0 0 0 0 0 0 0 0 0 0 0 0 0 0 0 0 0 0 0 0 0 0 0 0 0 0 0 0 0 0 0 0 0 0 0 0 0 0 0 0 0 0 0 0 0 0 
0 0 0 0 0 0 0 0 0 0 0 0 0 0 0 0 0 0 0 0 0 0 0 0 0 0 0 0 0 0 0 0 0 0 0 0 0 0 0 0 0 0 0 0 0 0 0 0 0 0 0 0 0 0 0 0 0 0 0 0 0 0 0 0 0 0 0 0 0 0 0 0 0 0 0 0 0 0 0 0 0 0 0 0 0 0 0 0 0 0 0 0 0 0 0 0 0 0 0 0 0 0 0 0 0 0 0 0 0 0 0 0 0 0 0 0 0 0 0 0 0 0 0 0 0 0 0 0 0 0 0 0 0 0 0 0 0 0 0 0 0 0 0 0 0 0 0 0 0 0 5 31 130 222 255 255 154 86 0 0 0 0 0 0 0 0 0 0 0 0 0 0 0 0 0 0 2 11 101 253 244 241 241 244 253 213 136 84 0 0 0 0 0 0 0 0 0 0 0 0 0 1 19 92 145 200 19 111 33 0 0 33 217 253 253 154 0 0 0 0 0 0 0 0 0 0 0 0 0 12 242 241 81 55 5 8 0 0 0 0 81 253 241 154 0 0 0 0 0 0 0 0 0 0 0 0 0 0 128 253 253 191 172 95 16 0 0 0 97 253 118 135 0 0 0 0 0 0 0 0 0 0 0 0 0 0 7 93 168 221 253 235 101 38 9 66 236 253 37 0 0 0 0 0 0 0 0 0 0 0 0 0 0 0 0 0 0 13 108 218 150 253 188 174 239 167 13 0 0 0 0 0 0 0 0 0 0 0 0 0 0 0 0 0 0 0 0 16 119 253 253 253 228 54 0 0 0 0 0 0 0 0 0 0 0 0 0 0 0 0 0 0 0 0 0 0 84 253 253 253 253 185 8 0 0 0 0 0 0 0 0 0 0 0 0 0 0 0 0 0 0 0 42 50 139 158 191 191 241 253 196 114 0 0 0 0 0 0 0 0 0 0 0 0 0 0 0 0 9 147 221 149 30 0 0 0 89 242 253 154 0 0 0 0 0 0 0 0 0 0 0 0 0 0 0 20 205 253 173 0 0 0 0 0 0 114 253 154 120 14 0 0 0 0 0 0 0 0 0 0 0 0 0 126 253 183 17 0 0 0 0 0 0 17 224 185 237 18 0 0 0 0 0 0 0 0 0 0 0 0 16 236 227 16 0 0 0 0 0 0 0 0 217 253 253 122 0 0 0 0 0 0 0 0 0 0 0 0 65 253 176 0 0 0 0 0 0 0 0 0 171 253 253 141 0 0 0 0 0 0 0 0 0 0 0 0 143 253 220 37 0 0 0 0 0 0 0 0 142 253 253 33 0 0 0 0 0 0 0 0 0 0 0 0 92 253 253 220 88 0 0 0 0 0 34 209 250 253 157 11 0 0 0 0 0 0 0 0 0 0 0 0 2 102 185 158 250 150 112 112 112 148 241 253 212 196 14 0 0 0 0 0 0 0 0 0 0 0 0 0 0 2 5 20 155 253 253 253 253 253 216 135 25 6 0 0 0 0 0 0 0 0 0 0 0 0 0 0 0 0 0 0 1 30 129 129 129 129 149 0 0 0 0 0 0 0 0 0 0 0 0 0 0 0 0 0 0 0 0 0 0 0 0 0 0 0 0 0 0 0 0 0 0 0 0 0 0 0 0 0 0 0 0 0 0 0 0 0 0 0 0 0 0 0 0 0 0 0 0 0 0 0 0 0 0 0 0 0 0 0 0 0 0 0 0 0 0 0 0 0 0 0 0 0 0 0 0 0 0 0 0 0 0 0 
0 0 0 0 0 0 0 0 0 0 0 0 0 0 0 0 0 0 0 0 0 0 0 0 0 0 0 0 0 0 0 0 0 0 0 0 0 0 0 0 0 0 0 0 0 0 0 0 0 0 0 0 0 0 0 0 0 0 0 0 0 0 0 0 0 0 0 0 0 0 0 0 0 0 0 0 0 0 0 0 0 0 0 0 0 0 0 0 0 0 0 0 0 0 0 0 0 0 0 0 0 0 0 0 0 0 0 0 0 0 0 0 0 0 0 0 0 0 0 0 0 0 0 0 0 0 0 0 0 0 0 0 0 0 0 0 0 0 0 0 0 0 0 0 0 0 0 0 0 0 0 0 0 0 0 0 64 255 255 128 0 0 0 0 0 0 0 0 0 0 0 0 0 0 0 0 0 0 0 0 0 0 0 0 191 255 255 255 255 255 128 0 0 0 0 0 0 0 0 0 0 0 0 0 0 0 0 0 0 0 0 128 255 255 255 255 255 255 255 191 0 0 0 0 0 0 0 0 0 0 0 0 0 0 0 64 128 191 128 255 191 128 0 64 191 255 255 191 0 0 0 0 0 0 0 0 0 0 0 0 0 0 0 64 255 255 255 255 191 0 0 0 0 191 255 191 0 0 0 0 0 0 0 0 0 0 0 0 0 0 64 191 255 191 128 255 191 0 0 0 64 191 255 191 0 0 0 0 0 0 0 0 0 0 0 0 0 0 64 255 255 191 0 0 0 0 0 128 255 255 255 0 0 0 0 0 0 0 0 0 0 0 0 0 0 0 0 191 255 255 0 0 0 0 191 255 255 191 64 0 0 0 0 0 0 0 0 0 0 0 0 0 0 0 0 191 255 255 64 0 128 255 255 255 64 0 0 0 0 0 0 0 0 0 0 0 0 0 0 0 0 0 0 0 128 255 255 255 255 255 255 191 0 0 0 0 0 0 0 0 0 0 0 0 0 0 0 0 0 0 0 0 0 255 255 255 255 255 64 0 0 0 0 0 0 0 0 0 0 0 0 0 0 0 0 0 0 0 0 64 255 255 255 191 64 0 0 0 0 0 0 0 0 0 0 0 0 0 0 0 0 0 0 0 0 0 128 255 255 255 255 191 64 0 0 0 0 0 0 0 0 0 0 0 0 0 0 0 0 0 0 0 0 191 255 255 191 255 255 255 64 0 0 0 0 0 0 0 0 0 0 0 0 0 0 0 0 0 0 64 255 255 255 191 0 255 255 191 0 0 0 0 0 0 0 0 0 0 0 0 0 0 0 0 0 0 0 191 255 255 64 0 191 255 255 0 0 0 0 0 0 0 0 0 0 0 0 0 0 0 0 0 0 0 255 255 191 0 0 128 255 255 128 0 0 0 0 0 0 0 0 0 0 0 0 0 0 0 0 0 0 0 255 255 255 64 128 255 255 255 64 0 0 0 0 0 0 0 0 0 0 0 0 0 0 0 0 0 0 0 191 255 255 255 255 255 255 128 0 0 0 0 0 0 0 0 0 0 0 0 0 0 0 0 0 0 0 0 64 255 255 255 191 128 0 0 0 0 0 0 0 0 0 0 0 0 0 0 0 0 0 0 0 0 0 0 0 0 0 0 0 0 0 0 0 0 0 0 0 0 0 0 0 0 0 0 0 0 0 0 0 0 0 0 0 0 0 0 0 0 0 0 0 0 0 0 0 0 0 0 0 0 0 0 0 0 0 0 0 0 0 0 0 0 0 0 0 0 0 0 0 0 0 0 0 0 0 0 0 0 0 0 0 0 
0 0 0 0 0 0 0 0 0 0 0 0 0 0 0 0 0 0 0 0 0 0 0 0 0 0 0 0 0 0 0 0 0 0 0 0 0 0 0 0 0 0 0 0 0 0 0 0 0 0 0 0 0 0 0 0 0 0 0 0 0 0 0 0 0 0 0 0 0 0 0 0 0 0 0 0 0 0 0 0 0 0 0 0 0 0 0 0 0 0 0 0 0 0 0 0 0 0 0 0 0 0 0 0 0 0 0 0 0 0 0 0 0 0 0 0 0 0 0 0 0 0 0 0 0 0 0 0 0 0 0 0 0 0 0 0 0 0 0 0 0 0 0 0 0 0 0 0 0 0 0 0 0 0 0 0 0 0 0 0 0 0 0 0 0 0 0 0 0 0 0 0 0 0 0 0 0 0 0 0 0 0 0 0 0 0 0 0 0 0 0 0 0 0 0 0 0 0 0 0 0 0 0 0 0 0 0 0 0 0 0 0 0 0 0 0 0 0 0 0 0 0 0 0 0 0 0 0 0 0 0 0 0 0 0 0 0 0 0 0 0 0 0 0 16 40 95 51 40 40 0 0 0 0 0 0 0 0 0 0 0 0 0 0 0 0 0 0 0 16 107 185 206 222 166 156 156 139 0 0 0 0 0 0 0 0 0 0 0 0 0 0 0 0 0 7 125 224 137 33 0 0 0 0 0 0 0 0 0 0 0 0 0 0 0 0 0 0 0 0 0 0 3 179 139 21 0 0 8 20 42 66 0 0 0 0 0 0 0 0 0 0 0 0 0 0 0 0 0 0 7 221 14 61 141 175 129 111 56 9 0 0 0 0 0 0 0 0 0 0 0 0 0 0 0 0 1 10 128 255 218 106 52 4 0 0 0 0 0 0 0 0 0 0 0 0 0 0 0 0 0 0 0 41 164 234 152 159 117 0 0 0 0 0 0 0 0 0 0 0 0 0 0 0 0 0 0 0 0 67 208 212 110 12 0 49 197 0 0 0 0 0 0 0 0 0 0 0 0 0 0 0 0 0 0 0 125 202 53 3 0 0 0 110 183 0 0 0 0 0 0 0 0 0 0 0 0 0 0 0 0 0 11 136 182 10 0 0 0 0 62 225 24 0 0 0 0 0 0 0 0 0 0 0 0 0 0 0 0 0 113 192 10 0 0 0 4 97 193 45 0 0 0 0 0 0 0 0 0 0 0 0 0 0 0 0 0 0 240 62 0 0 13 80 218 164 26 0 0 0 0 0 0 0 0 0 0 0 0 0 0 0 0 0 0 0 136 194 140 140 218 188 67 0 0 0 0 0 0 0 0 0 0 0 0 0 0 0 0 0 0 0 0 0 0 28 102 61 24 0 0 0 0 0 0 0 0 0 0 0 0 0 0 0 0 0 0 0 0 0 0 0 0 0 0 0 0 0 0 0 0 0 0 0 0 0 0 0 0 0 0 0 0 0 0 0 0 0 0 0 0 0 0 0 0 0 0 0 0 0 0 0 0 0 0 0 0 0 0 0 0 0 0 0 0 0 0 0 0 0 0 0 0 0 0 0 0 0 0 0 0 0 0 0 0 0 0 0 0 0 0 0 0 0 0 0 0 0 0 0 0 0 0 0 0 0 0 0 0 0 0 0 0 0 0 0 0 0 0 0 0 0 0 0 0 0 0 0 0 0 0 0 0 0 0 0 0 0 0 0 0 0 0 0 0 0 0 0 0 0 0 0 0 0 0 0 0 0 0 0 0 0 0 0 0 0 0 0 0 0 0 0 0 0 
0 0 0 0 0 0 0 0 0 0 0 0 0 0 0 0 0 0 0 0 0 0 0 0 0 0 0 0 0 0 0 0 0 0 0 0 0 0 0 0 0 0 0 0 0 0 0 0 0 0 0 0 0 0 0 0 0 0 0 0 0 0 0 0 0 0 0 0 0 0 0 0 0 0 0 0 0 0 0 0 0 0 0 0 0 0 0 0 0 0 0 0 0 0 0 0 0 0 0 0 0 0 0 0 0 0 0 0 0 0 0 0 0 0 0 0 0 0 0 0 0 0 0 0 0 0 0 0 0 0 0 0 0 0 0 0 0 0 0 0 0 0 0 0 0 0 0 0 0 0 0 0 0 0 0 0 4 118 70 0 0 0 0 0 0 0 0 0 0 0 0 0 53 0 0 0 0 0 0 0 0 0 0 0 7 254 247 235 235 137 37 0 0 0 0 0 0 0 0 0 22 0 0 0 0 0 0 0 0 63 21 0 5 216 254 230 197 254 218 35 0 0 0 0 0 0 0 0 0 0 0 0 0 0 0 0 69 243 210 68 0 30 61 42 15 167 254 221 0 0 0 0 0 0 0 0 0 0 0 0 0 0 0 0 91 254 254 108 0 0 0 0 43 186 254 254 0 0 0 0 0 0 0 0 0 0 0 0 0 0 0 0 91 254 254 227 0 0 0 58 177 254 253 165 0 0 0 0 0 0 0 0 0 0 0 0 0 0 0 0 44 230 254 227 0 65 131 238 254 254 162 0 0 0 0 0 0 0 0 0 0 0 0 0 0 0 0 0 0 73 254 254 249 252 254 254 227 47 3 0 0 0 0 0 0 0 0 0 0 0 0 0 0 0 0 0 0 70 254 254 254 254 169 164 50 0 0 0 0 0 0 0 0 0 0 0 0 0 0 0 0 0 0 68 119 220 254 254 254 153 3 0 0 0 0 0 0 0 0 0 0 0 0 0 0 0 0 0 0 37 187 253 254 254 254 254 254 130 0 0 0 0 0 0 0 0 0 0 0 0 0 0 0 0 0 7 47 219 254 254 245 115 210 255 250 46 0 0 0 0 0 0 0 0 0 0 0 0 0 0 0 0 0 60 254 254 254 187 71 0 187 254 248 0 0 0 0 0 0 0 0 0 0 0 0 0 0 0 0 0 0 194 254 248 130 3 0 34 220 254 248 0 0 0 0 0 0 0 0 0 0 0 0 0 0 0 0 0 32 218 254 110 0 0 0 126 254 243 72 0 0 0 0 0 0 0 0 0 0 0 0 0 0 0 0 0 77 254 254 103 0 0 79 248 254 227 0 0 0 0 0 0 0 0 0 0 0 0 0 0 0 0 0 0 58 240 254 139 63 123 220 254 243 97 0 0 0 0 0 0 0 0 0 0 0 0 0 0 0 0 0 0 0 171 254 254 254 254 254 254 109 0 0 0 0 0 0 0 0 0 0 0 0 0 0 0 0 0 0 0 0 21 115 234 234 234 185 96 26 0 0 0 0 0 0 0 0 0 0 0 0 0 0 0 0 0 0 0 0 0 0 0 0 0 0 0 0 0 0 0 0 0 0 0 0 0 0 0 0 0 0 0 0 0 0 0 0 0 0 0 0 0 0 0 0 0 0 0 0 0 0 0 0 0 0 0 0 0 0 0 0 0 0 0 0 0 0 0 0 0 0 0 0 0 0 0 0 0 0 0 0 0 0 0 0 0 0 0 0 0 0 0 0 0 0 0 0 0 0 0 0 0 0 0 0 0 0 0 0 0 0 0 0 0 
0 0 0 0 0 0 0 0 0 0 0 0 0 0 0 0 0 0 0 0 0 0 0 0 0 0 0 0 0 0 0 0 0 0 0 0 0 0 0 0 0 0 0 0 0 0 0 0 0 0 0 0 0 0 0 0 0 0 0 0 0 0 0 0 0 0 0 0 0 0 0 0 0 0 0 0 0 0 0 0 0 0 0 0 0 0 0 0 0 0 0 0 0 0 0 0 0 0 0 0 0 0 0 0 0 0 0 0 0 0 0 0 0 0 0 0 0 0 0 0 0 0 0 0 0 0 0 0 0 0 0 0 0 0 0 0 0 0 0 0 0 0 0 0 0 0 0 0 0 0 0 0 0 0 64 121 6 109 162 253 154 38 0 0 0 0 0 0 0 0 0 0 0 0 0 0 0 0 0 0 68 184 246 253 240 251 252 252 252 222 39 0 0 0 0 0 0 0 0 0 0 0 0 0 0 0 0 86 243 252 252 209 103 26 138 183 252 252 93 0 0 0 0 0 0 0 0 0 0 0 0 0 0 0 46 240 252 248 172 92 0 0 0 11 196 252 162 0 0 0 0 0 0 0 0 0 0 0 0 0 0 0 54 252 252 242 32 0 0 0 0 18 204 241 68 0 0 0 0 0 0 0 0 0 0 0 0 0 0 0 14 165 252 252 217 0 0 0 88 204 252 184 0 0 0 0 0 0 0 0 0 0 0 0 0 0 0 0 0 13 188 252 252 22 17 160 240 252 194 25 0 0 0 0 0 0 0 0 0 0 0 0 0 0 0 0 0 0 146 252 252 209 199 252 243 190 24 0 0 0 0 0 0 0 0 0 0 0 0 0 0 0 0 0 0 0 27 252 252 253 252 240 93 0 0 0 0 0 0 0 0 0 0 0 0 0 0 0 0 0 0 0 0 0 98 252 252 253 252 26 0 0 0 0 0 0 0 0 0 0 0 0 0 0 0 0 0 0 0 0 90 141 253 253 253 255 253 26 0 0 0 0 0 0 0 0 0 0 0 0 0 0 0 0 0 0 0 121 249 252 252 252 252 253 252 26 0 0 0 0 0 0 0 0 0 0 0 0 0 0 0 0 0 35 135 247 252 252 109 38 252 253 252 26 0 0 0 0 0 0 0 0 0 0 0 0 0 0 0 0 0 94 252 252 235 151 15 10 214 253 252 26 0 0 0 0 0 0 0 0 0 0 0 0 0 0 0 0 0 94 252 252 163 0 0 0 133 253 252 26 0 0 0 0 0 0 0 0 0 0 0 0 0 0 0 0 0 192 252 202 17 0 0 10 221 253 252 26 0 0 0 0 0 0 0 0 0 0 0 0 0 0 0 0 0 226 252 115 0 0 0 35 252 253 157 8 0 0 0 0 0 0 0 0 0 0 0 0 0 0 0 0 0 142 252 227 62 27 112 213 252 240 11 0 0 0 0 0 0 0 0 0 0 0 0 0 0 0 0 0 0 89 250 252 252 252 252 251 238 56 0 0 0 0 0 0 0 0 0 0 0 0 0 0 0 0 0 0 0 0 101 224 252 252 252 168 0 0 0 0 0 0 0 0 0 0 0 0 0 0 0 0 0 0 0 0 0 0 0 0 0 0 0 0 0 0 0 0 0 0 0 0 0 0 0 0 0 0 0 0 0 0 0 0 0 0 0 0 0 0 0 0 0 0 0 0 0 0 0 0 0 0 0 0 0 0 0 0 0 0 0 0 0 0 0 0 0 0 0 0 0 0 0 0 0 0 0 0 0 0 0 0 0 0 
0 0 0 0 0 0 0 0 0 0 0 0 0 0 0 0 0 0 0 0 0 0 0 0 0 0 0 0 0 0 0 0 0 0 0 0 0 0 0 0 0 0 0 0 0 0 0 0 0 0 0 0 0 0 0 0 0 0 0 0 0 0 0 0 0 0 0 0 0 0 0 0 0 0 0 0 0 0 0 0 0 0 0 0 0 0 0 0 0 0 0 0 0 0 0 0 0 0 0 0 0 0 0 0 0 0 0 0 0 0 0 0 0 0 0 0 0 0 0 0 0 0 0 0 0 0 0 0 0 0 0 0 0 0 0 0 0 0 0 0 0 0 0 0 0 0 0 0 0 0 0 0 2 53 177 253 255 253 162 21 0 0 0 0 0 0 0 0 0 0 0 0 0 0 0 0 0 0 0 0 40 252 252 194 77 153 241 197 0 0 0 0 0 0 0 0 0 0 0 0 0 0 0 0 0 0 0 0 164 252 98 6 0 0 80 158 137 22 0 0 0 0 0 0 0 0 0 0 0 0 0 0 0 0 0 8 233 152 3 0 0 0 0 1 83 26 0 0 0 0 0 0 0 0 0 0 0 0 0 0 0 0 0 113 252 99 0 0 0 0 0 0 0 0 0 0 0 0 0 0 0 0 0 0 0 0 0 0 0 0 0 150 244 22 0 0 0 0 0 0 0 0 0 0 0 0 0 0 0 0 0 0 0 0 0 0 0 0 0 198 241 2 45 169 232 231 231 231 159 83 1 0 0 0 0 0 0 0 0 0 0 0 0 0 0 0 0 198 248 171 252 252 248 208 208 208 208 122 9 0 0 0 0 0 0 0 0 0 0 0 0 0 0 0 0 117 252 252 229 80 57 0 0 0 0 0 0 0 0 0 0 0 0 0 0 0 0 0 0 0 0 0 25 208 252 166 23 0 0 0 0 0 0 0 0 0 0 0 0 0 0 0 0 0 0 0 0 0 0 0 70 253 253 215 9 0 0 0 0 0 0 0 0 0 0 0 0 0 0 0 0 0 0 0 0 0 0 0 165 252 146 252 142 0 0 0 0 0 0 0 0 0 0 0 0 0 0 0 0 0 0 0 0 0 0 19 237 179 11 214 205 13 0 0 0 0 0 0 0 0 0 0 0 0 0 0 0 0 0 0 0 0 0 80 252 164 0 93 247 90 0 0 0 0 0 0 0 0 0 0 0 0 0 0 0 0 0 0 0 0 0 132 252 93 0 0 163 214 0 0 0 0 0 0 0 0 0 0 0 0 0 0 0 0 0 0 0 0 0 132 252 55 0 0 78 252 0 0 0 0 0 0 0 0 0 0 0 0 0 0 0 0 0 0 0 0 0 31 248 159 1 0 78 252 102 0 0 0 0 0 0 0 0 0 0 0 0 0 0 0 0 0 0 0 0 0 99 252 41 0 78 252 43 0 0 0 0 0 0 0 0 0 0 0 0 0 0 0 0 0 0 0 0 0 15 178 221 121 179 252 0 0 0 0 0 0 0 0 0 0 0 0 0 0 0 0 0 0 0 0 0 0 0 12 234 252 219 95 0 0 0 0 0 0 0 0 0 0 0 0 0 0 0 0 0 0 0 0 0 0 0 0 0 0 0 0 0 0 0 0 0 0 0 0 0 0 0 0 0 0 0 0 0 0 0 0 0 0 0 0 0 0 0 0 0 0 0 0 0 0 0 0 0 0 0 0 0 0 0 0 0 0 0 0 0 0 0 0 0 0 0 0 0 0 0 0 0 0 0 0 0 0 0 0 
0 0 0 0 0 0 0 0 0 0 0 0 0 0 0 0 0 0 0 0 0 0 0 0 0 0 0 0 0 0 0 0 0 0 0 0 0 0 0 0 0 0 0 0 0 0 0 0 0 0 0 0 0 0 0 0 0 0 0 0 0 0 0 0 0 0 0 0 0 0 0 0 0 0 0 0 0 0 0 0 0 0 0 0 0 0 0 0 0 0 0 0 0 0 0 0 0 0 0 0 0 0 0 0 0 0 0 0 0 0 0 0 0 0 0 0 0 0 0 0 0 0 0 0 0 0 0 0 0 0 0 0 0 0 0 0 0 0 0 0 0 0 0 0 0 0 0 0 0 0 0 0 0 0 0 0 0 34 34 21 0 0 0 2 34 116 82 0 0 0 0 0 0 0 0 0 0 0 0 0 0 0 41 67 163 254 253 223 85 0 0 70 253 253 162 0 0 0 0 0 0 0 0 0 0 0 0 0 0 193 237 253 253 254 253 253 164 0 74 250 253 253 33 0 0 0 0 0 0 0 0 0 0 0 0 15 196 253 250 231 134 11 103 235 194 205 247 243 192 10 2 0 0 0 0 0 0 0 0 0 0 0 63 223 253 227 163 0 0 0 128 253 253 253 253 156 0 0 0 0 0 0 0 0 0 0 0 0 0 79 251 253 253 45 0 0 0 0 138 253 253 253 98 5 0 0 0 0 0 0 0 0 0 0 0 0 3 203 252 218 45 2 0 0 0 41 238 249 223 22 5 0 0 0 0 0 0 0 0 0 0 0 0 0 115 253 183 0 0 0 0 0 88 254 253 154 0 0 0 0 0 0 0 0 0 0 0 0 0 0 0 0 148 253 183 0 0 0 0 58 245 255 204 40 0 0 0 0 0 0 0 0 0 0 0 0 0 0 0 15 162 253 192 39 0 0 135 231 253 225 24 0 0 0 0 0 0 0 0 0 0 0 0 0 0 0 0 0 30 182 254 182 57 139 254 244 173 0 0 0 0 0 0 0 0 0 0 0 0 0 0 0 0 0 0 0 0 64 246 253 253 253 253 181 15 0 0 0 0 0 0 0 0 0 0 0 0 0 0 0 0 0 0 0 0 0 195 253 253 253 173 12 0 0 0 0 0 0 0 0 0 0 0 0 0 0 0 0 0 0 0 0 0 62 249 253 253 253 228 44 0 0 0 0 0 0 0 0 0 0 0 0 0 0 0 0 0 0 0 0 15 171 253 241 159 240 253 227 22 0 0 0 0 0 0 0 0 0 0 0 0 0 0 0 0 0 0 12 131 253 207 129 0 107 253 253 81 0 0 0 0 0 0 0 0 0 0 0 0 0 0 0 0 0 0 43 253 253 175 12 99 176 253 253 177 0 0 0 0 0 0 0 0 0 0 0 0 0 0 0 0 0 0 206 253 253 253 253 253 253 253 220 27 0 0 0 0 0 0 0 0 0 0 0 0 0 0 0 0 0 0 125 253 253 253 253 226 176 156 17 0 0 0 0 0 0 0 0 0 0 0 0 0 0 0 0 0 0 0 33 143 143 133 33 21 0 0 0 0 0 0 0 0 0 0 0 0 0 0 0 0 0 0 0 0 0 0 0 0 0 0 0 0 0 0 0 0 0 0 0 0 0 0 0 0 0 0 0 0 0 0 0 0 0 0 0 0 0 0 0 0 0 0 0 0 0 0 0 0 0 0 0 0 0 0 0 0 0 0 0 0 0 0 0 0 0 0 0 0 0 0 0 0 0 0 0 0 0 0 0 0 0 0 0 
0 0 0 0 0 0 0 0 0 0 0 0 0 0 0 0 0 0 0 0 0 0 0 0 0 0 0 0 0 0 0 0 0 0 0 0 0 0 0 0 0 0 0 0 0 0 0 0 0 0 0 0 0 0 0 0 0 0 0 0 0 0 0 0 0 0 0 0 0 0 0 0 0 0 0 0 0 0 0 0 0 0 0 0 0 0 0 0 0 0 0 0 0 0 0 0 0 0 0 0 0 0 0 0 0 0 0 0 0 0 0 0 0 0 0 0 0 0 0 0 0 0 0 0 0 0 0 0 0 0 22 114 148 255 218 30 0 0 0 0 0 0 0 0 0 0 0 0 0 0 0 0 0 0 0 0 50 121 221 252 252 253 252 126 0 0 0 0 0 0 0 0 0 0 0 0 0 0 0 0 0 2 48 171 245 252 252 247 143 144 231 72 0 0 0 0 0 0 0 0 0 0 0 0 0 0 0 0 0 119 252 252 253 231 180 63 0 0 0 0 0 0 0 0 0 0 0 0 0 0 0 0 0 0 0 62 141 249 252 208 86 28 0 0 0 0 0 0 0 0 0 0 0 0 0 0 0 0 0 0 0 0 80 210 253 241 80 0 0 0 0 0 0 0 0 22 43 7 0 0 0 0 0 0 0 0 0 0 8 112 242 253 224 66 0 0 0 0 0 0 0 50 121 221 231 28 0 0 0 0 0 0 0 0 0 0 31 252 252 153 14 0 0 0 0 0 2 48 215 245 210 118 16 0 0 0 0 0 0 0 0 0 0 0 127 252 226 0 0 0 0 0 0 57 176 252 226 128 56 0 0 0 0 0 0 0 0 0 0 0 0 0 171 252 235 0 0 0 0 45 168 225 252 182 42 0 0 0 0 0 0 0 0 0 0 0 0 0 0 0 22 253 253 237 55 48 218 253 247 176 53 0 0 0 0 0 0 0 0 0 0 0 0 0 0 0 0 0 6 154 252 253 231 247 231 168 53 0 0 0 0 0 0 0 0 0 0 0 0 0 0 0 0 0 0 0 0 11 218 253 252 252 101 0 0 0 0 0 0 0 0 0 0 0 0 0 0 0 0 0 0 0 0 0 41 190 252 253 252 252 231 28 0 0 0 0 0 0 0 0 0 0 0 0 0 0 0 0 0 0 0 36 223 252 252 191 103 244 252 86 0 0 0 0 0 0 0 0 0 0 0 0 0 0 0 0 0 0 25 227 253 225 124 0 0 66 253 253 0 0 0 0 0 0 0 0 0 0 0 0 0 0 0 0 0 0 123 252 236 21 0 0 0 22 252 252 0 0 0 0 0 0 0 0 0 0 0 0 0 0 0 0 0 0 148 252 189 22 22 128 162 234 252 190 0 0 0 0 0 0 0 0 0 0 0 0 0 0 0 0 0 0 122 252 252 252 252 253 252 247 189 31 0 0 0 0 0 0 0 0 0 0 0 0 0 0 0 0 0 0 7 156 252 252 164 191 147 47 0 0 0 0 0 0 0 0 0 0 0 0 0 0 0 0 0 0 0 0 0 0 0 0 0 0 0 0 0 0 0 0 0 0 0 0 0 0 0 0 0 0 0 0 0 0 0 0 0 0 0 0 0 0 0 0 0 0 0 0 0 0 0 0 0 0 0 0 0 0 0 0 0 0 0 0 0 0 0 0 0 0 0 0 0 0 0 0 0 0 0 0 0 0 0 0 0 0 0 0 0 0 0 0 0 0 0 0 0 0 0 0 0 0 0 0 0 0 0 0 0 0 0 0 0 0 
0 0 0 0 0 0 0 0 0 0 0 0 0 0 0 0 0 0 0 0 0 0 0 0 0 0 0 0 0 0 0 0 0 0 0 0 0 0 0 0 0 0 0 0 0 0 0 0 0 0 0 0 0 0 0 0 0 0 0 0 0 0 0 0 0 0 0 0 0 0 0 0 0 0 0 0 0 0 0 0 0 0 0 0 0 0 0 0 0 0 0 0 0 0 0 0 0 0 0 0 0 0 0 0 0 0 0 0 0 0 0 0 0 0 0 0 0 0 0 0 0 0 0 0 0 5 55 180 253 139 61 0 0 0 0 0 0 0 0 0 0 0 0 0 0 0 0 0 0 0 0 0 5 84 252 252 252 253 236 118 0 0 0 0 0 0 0 0 0 0 0 0 0 0 0 0 0 0 0 0 87 252 252 195 79 69 186 215 21 0 0 0 0 0 0 0 0 0 0 0 0 0 0 0 0 0 0 43 253 252 185 29 0 0 50 117 0 0 0 0 0 0 0 0 0 0 0 0 0 0 0 0 0 0 0 63 253 252 121 0 0 0 0 0 0 0 0 0 0 0 0 0 0 0 0 0 0 0 0 0 0 0 0 116 255 232 90 0 0 0 0 0 19 24 24 97 138 44 13 0 0 0 0 0 0 0 0 0 0 0 0 168 253 231 37 0 0 0 30 130 236 252 253 252 252 235 113 0 0 0 0 0 0 0 0 0 0 0 0 84 253 231 69 0 32 185 228 252 252 189 122 69 69 44 0 0 0 0 0 0 0 0 0 0 0 0 0 53 253 252 130 76 228 253 252 153 45 4 0 0 0 0 0 0 0 0 0 0 0 0 0 0 0 0 0 53 253 252 246 238 252 180 22 6 0 0 0 0 0 0 0 0 0 0 0 0 0 0 0 0 0 0 0 0 149 253 253 245 73 0 0 0 0 0 0 0 0 0 0 0 0 0 0 0 0 0 0 0 0 0 17 47 253 252 252 202 11 0 0 0 0 0 0 0 0 0 0 0 0 0 0 0 0 0 0 0 0 51 136 252 247 227 252 227 17 0 0 0 0 0 0 0 0 0 0 0 0 0 0 0 0 0 0 0 17 209 252 252 188 46 221 252 117 0 0 0 0 0 0 0 0 0 0 0 0 0 0 0 0 0 0 0 26 221 252 200 63 5 137 252 189 0 0 0 0 0 0 0 0 0 0 0 0 0 0 0 0 0 0 0 78 222 253 128 0 0 123 253 253 11 0 0 0 0 0 0 0 0 0 0 0 0 0 0 0 0 0 15 178 252 140 8 0 0 142 252 252 63 0 0 0 0 0 0 0 0 0 0 0 0 0 0 0 0 0 70 227 252 132 70 70 142 234 252 168 32 0 0 0 0 0 0 0 0 0 0 0 0 0 0 0 0 0 11 161 252 252 252 253 252 252 176 25 0 0 0 0 0 0 0 0 0 0 0 0 0 0 0 0 0 0 0 78 221 252 252 243 189 54 14 0 0 0 0 0 0 0 0 0 0 0 0 0 0 0 0 0 0 0 0 0 0 0 0 0 0 0 0 0 0 0 0 0 0 0 0 0 0 0 0 0 0 0 0 0 0 0 0 0 0 0 0 0 0 0 0 0 0 0 0 0 0 0 0 0 0 0 0 0 0 0 0 0 0 0 0 0 0 0 0 0 0 0 0 0 0 0 0 0 0 0 0 0 0 0 0 0 0 0 0 0 0 0 0 0 0 0 0 0 0 0 0 0 0 0 0 0 0 0 0 0 0 0 0 
0 0 0 0 0 0 0 0 0 0 0 0 0 0 0 0 0 0 0 0 0 0 0 0 0 0 0 0 0 0 0 0 0 0 0 0 0 0 0 0 0 0 0 0 0 0 0 0 0 0 0 0 0 0 0 0 0 0 0 0 0 0 0 0 0 0 0 0 0 0 0 0 0 0 0 0 0 0 0 0 0 0 0 0 0 0 0 0 0 0 0 0 0 0 0 0 0 0 0 0 0 0 0 0 0 0 0 0 0 0 0 0 0 0 0 0 0 0 0 0 0 0 0 0 0 0 0 0 0 20 128 166 239 175 19 0 0 0 0 0 0 0 0 0 0 0 0 0 0 0 0 0 0 0 0 0 123 241 253 253 253 253 199 0 0 0 0 0 0 0 0 0 0 0 0 0 0 0 0 0 0 0 22 146 252 238 191 213 191 189 252 65 0 0 0 0 0 0 0 0 0 0 0 0 0 0 0 0 0 2 152 254 238 31 0 9 0 12 26 7 0 0 0 0 0 0 0 0 0 0 0 0 0 0 0 0 4 112 253 240 61 0 0 0 0 0 0 0 0 0 0 0 0 0 0 0 0 0 0 0 0 0 0 0 60 253 253 61 0 0 0 0 0 0 0 0 0 0 0 0 0 0 0 0 0 0 0 0 0 0 0 0 106 253 244 0 0 0 0 0 0 0 0 0 0 0 0 0 0 0 0 0 0 0 0 0 0 0 0 0 171 253 159 0 0 5 18 3 0 0 0 0 0 0 0 0 0 0 0 0 0 0 0 0 0 0 0 19 234 253 115 34 181 200 253 178 17 0 0 0 0 0 0 0 0 0 0 0 0 0 0 0 0 0 0 0 162 253 253 227 253 253 174 121 14 0 0 0 0 0 0 0 0 0 0 0 0 0 0 0 0 0 0 0 106 254 254 255 254 78 0 0 0 0 0 0 0 0 0 0 0 0 0 0 0 0 0 0 0 0 10 148 248 253 253 205 11 1 0 0 0 0 0 0 0 0 0 0 0 0 0 0 0 0 0 0 0 11 178 253 248 215 253 194 2 0 0 0 0 0 0 0 0 0 0 0 0 0 0 0 0 0 0 0 30 220 253 220 75 48 253 254 8 0 0 0 0 0 0 0 0 0 0 0 0 0 0 0 0 0 0 32 187 253 162 19 0 24 253 213 4 0 0 0 0 0 0 0 0 0 0 0 0 0 0 0 0 0 10 148 253 204 8 0 3 148 253 121 0 0 0 0 0 0 0 0 0 0 0 0 0 0 0 0 0 0 80 253 211 25 0 3 163 253 244 0 0 0 0 0 0 0 0 0 0 0 0 0 0 0 0 0 0 0 157 253 200 4 30 150 253 243 67 0 0 0 0 0 0 0 0 0 0 0 0 0 0 0 0 0 0 0 154 253 238 195 253 249 171 43 0 0 0 0 0 0 0 0 0 0 0 0 0 0 0 0 0 0 0 0 46 247 253 253 198 43 0 0 0 0 0 0 0 0 0 0 0 0 0 0 0 0 0 0 0 0 0 0 0 0 0 0 0 0 0 0 0 0 0 0 0 0 0 0 0 0 0 0 0 0 0 0 0 0 0 0 0 0 0 0 0 0 0 0 0 0 0 0 0 0 0 0 0 0 0 0 0 0 0 0 0 0 0 0 0 0 0 0 0 0 0 0 0 0 0 0 0 0 0 0 0 0 0 0 0 0 0 0 0 0 0 0 0 0 0 0 0 0 0 0 0 0 0 0 0 0 0 0 0 0 0 0 0 0 
0 0 0 0 0 0 0 0 0 0 0 0 0 0 0 0 0 0 0 0 0 0 0 0 0 0 0 0 0 0 0 0 0 0 0 0 0 0 0 0 0 0 0 0 0 0 0 0 0 0 0 0 0 0 0 0 0 0 0 0 0 0 0 0 0 0 0 0 0 0 0 0 0 0 0 0 0 0 0 0 0 0 0 0 0 0 0 0 0 0 0 0 0 0 0 0 0 0 0 0 0 0 0 0 0 0 0 0 0 0 0 0 0 0 0 0 0 0 0 0 0 0 0 0 0 0 0 34 139 254 254 254 129 32 0 0 0 0 0 0 0 0 0 0 0 0 0 0 0 0 0 0 0 21 163 254 253 253 253 253 253 245 55 0 0 0 0 0 0 0 0 0 0 0 0 0 0 0 0 0 81 223 253 254 253 253 158 154 188 253 246 55 0 0 0 0 0 0 0 0 0 0 0 0 0 0 0 127 250 253 253 169 92 10 1 0 4 64 188 60 0 0 0 0 0 0 0 0 0 0 0 0 0 0 20 237 253 236 102 0 0 0 0 0 0 0 0 0 0 0 0 0 0 0 0 0 0 0 0 0 0 0 128 253 238 67 0 0 0 0 0 0 0 0 0 0 0 0 0 0 0 0 0 0 0 0 0 0 0 0 199 253 209 0 0 0 0 0 0 0 0 0 0 0 0 0 0 0 0 0 0 0 0 0 0 0 0 0 199 253 236 60 0 0 0 0 0 0 0 0 0 0 0 0 0 0 0 0 0 0 0 0 0 0 0 0 91 213 253 233 24 0 0 0 0 0 28 7 0 0 0 0 0 0 0 0 0 0 0 0 0 0 0 0 0 122 253 253 225 49 0 44 111 183 232 224 221 139 15 0 0 0 0 0 0 0 0 0 0 0 0 0 0 5 130 246 254 241 173 254 254 254 243 252 255 230 29 0 0 0 0 0 0 0 0 0 0 0 0 0 0 0 0 140 253 254 253 253 219 115 50 71 77 20 0 0 0 0 0 0 0 0 0 0 0 0 0 0 0 0 37 242 253 254 253 214 25 0 0 0 0 0 0 0 0 0 0 0 0 0 0 0 0 0 0 0 0 74 202 253 244 245 253 206 6 0 0 0 0 0 0 0 0 0 0 0 0 0 0 0 0 0 0 13 142 246 253 212 64 144 253 188 4 0 0 0 0 0 0 0 0 0 0 0 0 0 0 0 0 0 57 211 253 253 180 14 0 182 253 154 0 0 0 0 0 0 0 0 0 0 0 0 0 0 0 0 8 146 243 253 206 79 9 4 108 254 221 32 0 0 0 0 0 0 0 0 0 0 0 0 0 0 0 6 190 253 250 136 22 0 8 156 253 249 107 0 0 0 0 0 0 0 0 0 0 0 0 0 0 0 0 34 253 253 116 0 0 38 156 253 253 106 0 0 0 0 0 0 0 0 0 0 0 0 0 0 0 0 0 34 253 166 2 0 126 237 253 253 109 0 0 0 0 0 0 0 0 0 0 0 0 0 0 0 0 0 0 0 0 0 0 0 0 0 0 0 0 0 0 0 0 0 0 0 0 0 0 0 0 0 0 0 0 0 0 0 0 0 0 0 0 0 0 0 0 0 0 0 0 0 0 0 0 0 0 0 0 0 0 0 0 0 0 0 0 0 0 0 0 0 0 0 0 0 0 0 0 0 0 0 0 0 0 0 0 0 0 0 0 0 0 0 0 0 0 0 0 0 0 0 0 0 0 0 0 0 0 0 0 0 0 0 0 0 
0 0 0 0 0 0 0 0 0 0 0 0 0 0 0 0 0 0 0 0 0 0 0 0 0 0 0 0 0 0 0 0 0 0 0 0 0 0 0 0 0 0 0 0 0 0 0 0 0 0 0 0 0 0 0 0 0 0 0 0 0 0 0 0 0 0 0 0 0 0 0 0 0 0 0 0 0 0 0 0 0 0 0 0 0 0 0 0 0 0 0 0 0 0 0 0 0 0 0 0 0 0 0 0 0 0 0 0 0 0 0 0 0 0 0 0 0 0 0 0 0 0 0 0 0 0 0 0 0 0 0 0 0 0 0 0 0 0 0 0 0 0 0 0 0 0 0 0 0 0 0 0 0 0 0 55 117 117 117 117 108 0 0 0 0 0 0 0 0 0 0 0 0 0 0 0 0 0 0 0 96 175 176 210 251 251 251 251 231 0 0 0 0 0 0 0 0 0 0 0 0 0 0 7 39 39 204 233 243 251 253 251 251 251 251 226 45 0 0 0 0 0 0 0 0 0 0 0 0 0 68 122 251 251 251 251 251 251 253 251 251 251 213 59 0 0 0 0 0 0 0 0 0 0 0 0 37 155 222 251 251 251 251 251 251 251 253 251 251 226 59 0 0 0 0 0 0 0 0 0 0 0 0 0 224 251 251 251 243 231 66 44 162 251 253 242 231 45 0 0 0 0 0 0 0 0 0 0 0 0 0 0 253 251 251 239 107 0 7 131 251 251 253 134 0 0 0 0 0 0 0 0 0 0 0 0 0 0 0 0 253 251 251 233 136 136 145 251 251 251 221 62 0 0 0 0 0 0 0 0 0 0 0 0 0 0 0 0 57 57 192 251 251 251 251 251 251 251 194 0 0 0 0 0 0 0 0 0 0 0 0 0 0 0 0 0 0 0 135 194 217 253 253 253 253 253 255 253 253 63 0 0 0 0 0 0 0 0 0 0 0 0 0 0 0 0 0 0 53 206 251 251 251 251 253 251 251 230 117 45 0 0 0 0 0 0 0 0 0 0 0 0 0 0 0 0 0 155 251 251 251 251 212 157 251 251 251 204 161 0 0 0 0 0 0 0 0 0 0 0 0 0 0 0 0 11 216 251 251 251 203 29 18 204 251 251 249 233 128 9 0 0 0 0 0 0 0 0 0 0 0 0 0 0 138 251 251 251 253 179 98 122 251 251 251 251 251 131 0 0 0 0 0 0 0 0 0 0 0 0 0 0 20 251 251 251 253 251 251 251 251 251 251 251 251 251 0 0 0 0 0 0 0 0 0 0 0 0 0 0 3 98 242 251 253 251 251 251 251 251 251 251 251 251 0 0 0 0 0 0 0 0 0 0 0 0 0 0 0 0 95 173 192 251 251 251 251 251 251 251 251 190 0 0 0 0 0 0 0 0 0 0 0 0 0 0 0 0 0 0 27 115 115 115 115 115 115 115 115 26 0 0 0 0 0 0 0 0 0 0 0 0 0 0 0 0 0 0 0 0 0 0 0 0 0 0 0 0 0 0 0 0 0 0 0 0 0 0 0 0 0 0 0 0 0 0 0 0 0 0 0 0 0 0 0 0 0 0 0 0 0 0 0 0 0 0 0 0 0 0 0 0 0 0 0 0 0 0 0 0 0 0 0 0 0 0 0 0 0 0 0 0 0 0 0 0 0 0 0 0 0 0 0 0 0 0 0 0 0 0 0 0 0 0 0 0 0 0 0 0 0 0 0 0 0 0 0 0 0 0 0 0 0 0 0 0 0 0 0 0 0 0 0 0 
0 0 0 0 0 0 0 0 0 0 0 0 0 0 0 0 0 0 0 0 0 0 0 0 0 0 0 0 0 0 0 0 0 0 0 0 0 0 0 0 0 0 0 0 0 0 0 0 0 0 0 0 0 0 0 0 0 0 0 0 0 0 0 0 0 0 0 0 0 0 0 0 0 0 0 0 0 0 0 0 0 0 0 0 0 0 0 0 0 0 0 0 0 0 0 0 0 0 0 0 0 0 0 0 0 0 0 0 0 0 0 0 0 0 0 0 0 0 0 0 0 0 0 0 0 0 0 0 0 0 0 0 0 0 0 0 0 0 0 0 0 0 0 0 0 0 0 0 0 0 0 0 0 0 0 0 0 0 0 0 0 0 0 0 0 0 0 0 0 0 0 0 0 0 0 0 0 0 0 83 91 143 254 254 254 254 255 254 197 0 0 0 0 0 0 0 0 0 0 0 0 0 0 0 0 46 180 246 253 248 237 246 238 253 253 244 183 0 0 0 0 0 0 0 0 0 0 0 0 0 0 0 53 230 253 253 187 99 5 131 122 253 253 122 0 0 0 0 0 0 0 0 0 0 0 0 0 0 0 48 224 253 235 71 22 0 2 119 253 253 253 122 0 0 0 0 0 0 0 0 0 0 0 0 0 0 0 197 253 229 59 0 0 0 89 253 253 197 129 63 0 0 0 0 0 0 0 0 0 0 0 0 0 0 0 197 253 213 50 5 0 70 240 253 216 112 0 0 0 0 0 0 0 0 0 0 0 0 0 0 0 0 0 197 253 253 253 150 139 176 253 253 65 0 0 0 0 0 0 0 0 0 0 0 0 0 0 0 0 0 0 40 187 200 253 253 253 253 253 163 6 0 0 0 0 0 0 0 0 0 0 0 0 0 0 0 0 0 0 0 0 19 98 137 253 253 253 215 40 0 0 0 0 0 0 0 0 0 0 0 0 0 0 0 0 0 0 0 0 0 0 66 253 253 253 253 248 171 16 0 0 0 0 0 0 0 0 0 0 0 0 0 0 0 0 0 0 0 0 66 253 250 132 144 245 253 159 0 0 0 0 0 0 0 0 0 0 0 0 0 0 0 0 0 0 0 0 66 253 171 0 0 16 199 228 48 0 0 0 0 0 0 0 0 0 0 0 0 0 0 0 0 0 0 0 66 253 171 0 0 0 116 253 122 0 0 0 0 0 0 0 0 0 0 0 0 0 0 0 0 0 0 0 66 253 171 0 0 0 63 231 122 0 0 0 0 0 0 0 0 0 0 0 0 0 0 0 0 0 0 0 66 253 184 14 0 0 94 244 122 0 0 0 0 0 0 0 0 0 0 0 0 0 0 0 0 0 0 0 66 253 210 39 0 0 116 253 122 0 0 0 0 0 0 0 0 0 0 0 0 0 0 0 0 0 0 0 66 253 189 19 0 0 116 253 122 0 0 0 0 0 0 0 0 0 0 0 0 0 0 0 0 0 0 0 28 196 253 181 148 148 195 253 122 0 0 0 0 0 0 0 0 0 0 0 0 0 0 0 0 0 0 0 0 10 199 253 253 253 219 152 8 0 0 0 0 0 0 0 0 0 0 0 0 0 0 0 0 0 0 0 0 0 29 89 89 195 49 0 0 0 0 0 0 0 0 0 0 0 0 0 0 0 0 0 0 0 0 0 0 0 0 0 0 0 0 0 0 0 0 0 0 0 0 0 0 0 0 0 0 0 0 0 0 0 0 0 0 0 0 0 0 0 0 0 0 0 0 0 0 0 0 0 0 
0 0 0 0 0 0 0 0 0 0 0 0 0 0 0 0 0 0 0 0 0 0 0 0 0 0 0 0 0 0 0 0 0 0 0 0 0 0 0 0 0 0 0 0 0 0 0 0 0 0 0 0 0 0 0 0 0 0 0 0 0 0 0 0 0 0 0 0 0 0 0 0 0 0 0 0 0 0 0 0 0 0 0 0 0 0 0 0 0 0 0 0 0 0 0 0 0 0 0 0 0 0 0 0 0 0 0 0 0 0 0 0 0 0 0 0 0 0 0 0 0 0 0 0 0 0 0 0 0 0 0 0 0 0 0 0 0 0 0 0 0 0 0 0 0 0 0 0 0 0 0 23 147 147 147 124 8 0 0 0 0 0 32 205 184 0 0 0 0 0 0 0 0 0 0 0 0 0 25 206 254 254 254 254 199 44 0 0 0 20 225 254 184 0 0 0 0 0 0 0 0 0 1 6 1 71 206 254 253 212 240 249 251 238 76 0 29 231 254 254 133 0 0 0 0 0 0 0 0 0 32 211 29 193 254 253 125 0 0 0 38 195 35 78 251 254 254 138 0 0 0 0 0 0 0 0 0 0 0 0 5 229 254 244 0 0 0 0 0 0 80 242 254 254 142 2 0 0 0 0 0 0 0 0 0 0 0 0 6 254 254 244 0 0 0 0 0 67 209 254 253 141 5 0 0 0 0 0 0 0 0 0 0 0 0 0 3 191 254 246 40 0 0 0 18 242 254 254 139 0 0 0 0 0 0 0 0 0 0 0 0 0 0 0 0 152 254 254 243 46 0 42 217 254 254 142 3 0 0 0 0 0 0 0 0 0 0 0 0 0 0 0 0 32 216 254 254 239 180 199 254 254 171 25 0 0 0 0 0 0 0 0 0 0 0 0 0 0 0 0 0 0 30 145 254 254 254 254 254 241 31 0 0 0 0 0 0 0 0 0 0 0 0 0 0 0 0 0 0 0 0 3 178 254 254 254 254 233 0 0 0 0 0 0 0 0 0 0 0 0 0 0 0 0 0 0 0 0 0 76 249 254 254 241 250 253 141 5 0 0 0 0 0 0 0 0 0 0 0 0 0 0 0 0 0 0 80 246 254 254 218 31 108 251 254 48 0 0 0 0 0 0 0 0 0 0 0 0 0 0 0 0 0 36 242 254 254 221 80 0 36 245 254 48 0 0 0 0 0 0 0 0 0 0 0 0 0 0 0 0 1 159 254 254 238 57 2 121 248 254 211 23 0 0 0 0 0 0 0 0 0 0 0 0 0 0 0 0 108 254 254 254 125 51 170 255 254 254 87 0 0 0 0 0 0 0 0 0 0 0 0 0 0 0 0 0 223 254 254 254 246 245 254 254 254 102 15 0 0 0 0 0 0 0 0 0 0 0 0 0 0 0 0 10 227 254 254 254 254 254 238 152 28 1 0 0 0 0 0 0 0 0 0 0 0 0 0 0 0 0 0 77 254 254 254 254 254 163 39 0 0 0 0 0 0 0 0 0 0 0 0 0 0 0 0 0 0 0 0 12 181 254 220 141 38 9 0 0 0 0 0 0 0 0 0 0 0 0 0 0 0 0 0 0 0 0 0 0 0 0 0 0 0 0 0 0 0 0 0 0 0 0 0 0 0 0 0 0 0 0 0 0 0 0 0 0 0 0 0 0 0 0 0 0 0 0 0 0 0 0 0 0 0 0 0 0 0 0 0 0 0 0 0 0 0 0 0 0 0 0 0 0 0 0 0 0 0 0 0 0 0 0 0 0 
0 0 0 0 0 0 0 0 0 0 0 0 0 0 0 0 0 0 0 0 0 0 0 0 0 0 0 0 0 0 0 0 0 0 0 0 0 0 0 0 0 0 0 0 0 0 0 0 0 0 0 0 0 0 0 0 0 0 0 0 0 0 0 0 0 0 0 0 0 0 0 0 0 0 0 0 0 0 0 0 0 0 0 0 0 0 0 0 0 0 0 0 0 0 0 0 0 0 0 0 0 0 0 0 0 0 0 0 0 0 0 0 0 0 0 0 0 0 0 0 0 0 0 0 0 0 0 0 23 141 255 227 145 17 0 0 0 0 0 0 0 0 0 0 0 0 0 0 0 0 0 0 0 2 11 89 228 254 253 253 244 45 0 0 0 0 0 0 0 0 0 0 0 0 0 0 0 0 0 0 0 40 253 253 253 213 105 89 89 26 0 0 0 0 0 0 0 0 0 0 0 0 0 0 0 0 0 0 41 219 254 242 112 13 0 0 2 21 21 49 4 0 0 0 0 0 0 0 0 0 0 0 0 0 0 9 174 253 225 34 0 0 0 0 124 253 254 199 4 0 0 0 0 0 0 0 0 0 0 0 0 0 0 54 253 237 62 0 0 0 32 196 251 232 157 16 0 0 0 0 0 0 0 0 0 0 0 0 0 0 0 190 253 153 0 0 2 109 243 253 212 50 0 0 0 0 0 0 0 0 0 0 0 0 0 0 0 0 0 97 253 192 0 8 84 253 253 227 30 0 0 0 0 0 0 0 0 0 0 0 0 0 0 0 0 0 0 91 254 190 0 164 253 254 205 20 0 0 0 0 0 0 0 0 0 0 0 0 0 0 0 0 0 0 0 26 240 253 250 253 253 242 73 0 0 0 0 0 0 0 0 0 0 0 0 0 0 0 0 0 0 0 0 0 103 253 253 253 251 150 0 0 0 0 0 0 0 0 0 0 0 0 0 0 0 0 0 0 0 0 0 0 78 248 254 253 149 0 0 0 0 0 0 0 0 0 0 0 0 0 0 0 0 0 0 0 0 0 0 77 243 253 253 253 235 49 0 0 0 0 0 0 0 0 0 0 0 0 0 0 0 0 0 0 0 0 78 246 253 242 183 252 253 193 0 0 0 0 0 0 0 0 0 0 0 0 0 0 0 0 0 0 0 107 244 254 220 111 0 151 254 199 4 0 0 0 0 0 0 0 0 0 0 0 0 0 0 0 0 0 0 151 253 253 195 10 0 152 253 179 12 0 0 0 0 0 0 0 0 0 0 0 0 0 0 0 0 0 74 238 254 238 33 22 172 253 198 45 0 0 0 0 0 0 0 0 0 0 0 0 0 0 0 0 0 0 65 254 254 246 118 194 254 236 57 0 0 0 0 0 0 0 0 0 0 0 0 0 0 0 0 0 0 4 196 254 254 254 254 254 254 51 0 0 0 0 0 0 0 0 0 0 0 0 0 0 0 0 0 0 0 4 200 253 253 253 181 99 54 1 0 0 0 0 0 0 0 0 0 0 0 0 0 0 0 0 0 0 0 0 0 0 0 0 0 0 0 0 0 0 0 0 0 0 0 0 0 0 0 0 0 0 0 0 0 0 0 0 0 0 0 0 0 0 0 0 0 0 0 0 0 0 0 0 0 0 0 0 0 0 0 0 0 0 0 0 0 0 0 0 0 0 0 0 0 0 0 0 0 0 0 0 0 0 0 0 0 0 0 0 0 0 0 0 0 0 0 0 0 0 0 0 0 0 0 0 0 0 0 0 0 0 0 0 
0 0 0 0 0 0 0 0 0 0 0 0 0 0 0 0 0 0 0 0 0 0 0 0 0 0 0 0 0 0 0 0 0 0 0 0 0 0 0 0 0 0 0 0 0 0 0 0 0 0 0 0 0 0 0 0 0 0 0 0 0 0 0 0 0 0 0 0 0 0 0 0 0 0 0 0 0 0 0 0 0 0 0 0 0 0 0 0 0 0 0 0 0 0 0 0 0 0 0 0 0 0 0 0 0 0 0 0 0 0 0 0 0 0 0 0 0 0 0 0 0 0 0 0 0 0 0 0 0 8 41 151 184 255 254 109 5 0 0 0 0 0 0 0 0 0 0 0 0 0 0 0 0 0 0 6 97 197 254 254 251 229 250 254 61 0 0 0 0 0 0 0 0 0 0 0 0 0 0 0 0 0 57 171 254 254 227 130 49 84 235 254 191 0 0 0 0 0 0 0 0 0 0 0 0 0 0 0 4 119 231 254 221 49 15 0 43 232 254 181 30 0 0 0 0 0 0 0 0 0 0 0 0 0 0 21 176 254 225 134 24 0 0 83 236 254 140 13 0 0 0 0 0 0 0 0 0 0 0 0 0 0 0 85 254 211 53 0 0 0 103 225 254 116 3 0 0 0 0 0 0 0 0 0 0 0 0 0 0 0 0 190 248 73 0 0 3 129 251 251 117 2 0 0 0 0 0 0 0 0 0 0 0 0 0 0 0 0 0 164 249 71 0 31 187 254 215 45 0 0 0 0 0 0 0 0 0 0 0 0 0 0 0 0 0 0 0 97 254 197 110 231 254 186 23 0 0 0 0 0 0 0 0 0 0 0 0 0 0 0 0 0 0 0 0 28 204 254 254 254 189 20 0 0 0 0 0 0 0 0 0 0 0 0 0 0 0 0 0 0 0 0 0 28 179 254 254 254 164 4 0 0 0 0 0 0 0 0 0 0 0 0 0 0 0 0 0 0 0 0 19 170 254 217 83 185 254 133 0 0 0 0 0 0 0 0 0 0 0 0 0 0 0 0 0 0 0 19 105 251 219 55 0 9 127 249 29 0 0 0 0 0 0 0 0 0 0 0 0 0 0 0 0 2 117 241 254 192 27 0 0 36 218 227 3 0 0 0 0 0 0 0 0 0 0 0 0 0 0 1 28 174 254 249 161 3 0 16 47 197 242 86 0 0 0 0 0 0 0 0 0 0 0 0 0 0 0 45 232 254 254 201 35 114 119 239 254 254 73 0 0 0 0 0 0 0 0 0 0 0 0 0 0 0 0 144 254 254 254 254 223 254 254 254 254 131 6 0 0 0 0 0 0 0 0 0 0 0 0 0 0 0 0 50 254 254 254 254 254 254 254 254 149 6 0 0 0 0 0 0 0 0 0 0 0 0 0 0 0 0 0 31 192 254 254 254 254 254 249 116 13 0 0 0 0 0 0 0 0 0 0 0 0 0 0 0 0 0 0 0 5 61 173 173 125 91 11 0 0 0 0 0 0 0 0 0 0 0 0 0 0 0 0 0 0 0 0 0 0 0 0 0 0 0 0 0 0 0 0 0 0 0 0 0 0 0 0 0 0 0 0 0 0 0 0 0 0 0 0 0 0 0 0 0 0 0 0 0 0 0 0 0 0 0 0 0 0 0 0 0 0 0 0 0 0 0 0 0 0 0 0 0 0 0 0 0 0 0 0 0 0 0 0 0 0 0 0 0 0 0 0 0 0 0 0 0 0 0 0 0 0 0 0 0 0 0 0 0 0 0 0 0 0 0 
0 0 0 0 0 0 0 0 0 0 0 0 0 0 0 0 0 0 0 0 0 0 0 0 0 0 0 0 0 0 0 0 0 0 0 0 0 0 0 0 0 0 0 0 0 0 0 0 0 0 0 0 0 0 0 0 0 0 0 0 0 0 0 0 0 0 0 0 0 0 0 0 0 0 0 0 0 0 0 0 0 0 0 0 0 0 0 0 0 0 0 0 0 0 0 0 0 0 0 0 0 0 0 0 0 0 0 0 0 0 0 0 0 0 0 0 0 0 0 0 0 0 0 0 0 0 0 0 0 0 0 0 0 0 0 0 0 0 0 0 0 0 0 0 0 0 0 0 0 0 0 0 0 0 0 31 196 254 254 188 40 0 0 0 0 0 0 0 0 0 0 0 0 0 0 0 0 0 0 0 0 6 87 217 253 253 253 253 172 0 0 0 0 0 0 0 0 0 0 0 0 0 0 0 0 0 0 0 0 165 253 253 225 89 89 173 203 0 0 0 0 0 0 0 0 0 0 0 0 0 0 0 0 0 0 0 160 252 253 222 40 0 0 10 28 52 133 145 5 0 0 0 0 0 0 0 0 0 0 0 0 0 0 51 232 253 225 34 0 0 0 51 202 253 253 253 78 0 0 0 0 0 0 0 0 0 0 0 0 0 0 181 253 237 62 0 0 8 159 246 253 244 210 124 54 0 0 0 0 0 0 0 0 0 0 0 0 0 0 229 253 114 0 0 38 201 253 253 202 48 0 0 0 0 0 0 0 0 0 0 0 0 0 0 0 0 0 229 253 136 25 119 245 253 251 120 8 0 0 0 0 0 0 0 0 0 0 0 0 0 0 0 0 0 0 153 253 253 230 253 253 194 71 0 0 0 0 0 0 0 0 0 0 0 0 0 0 0 0 0 0 0 0 26 240 253 253 253 170 2 0 0 0 0 0 0 0 0 0 0 0 0 0 0 0 0 0 0 0 0 0 29 240 253 253 213 10 0 0 0 0 0 0 0 0 0 0 0 0 0 0 0 0 0 0 0 0 0 18 235 253 253 253 235 31 0 0 0 0 0 0 0 0 0 0 0 0 0 0 0 0 0 0 0 4 110 226 253 248 183 221 253 178 0 0 0 0 0 0 0 0 0 0 0 0 0 0 0 0 0 0 0 131 253 253 245 84 0 95 253 248 0 0 0 0 0 0 0 0 0 0 0 0 0 0 0 0 0 0 8 235 254 253 126 0 0 49 252 253 94 0 0 0 0 0 0 0 0 0 0 0 0 0 0 0 0 0 4 193 253 169 7 0 0 0 249 253 124 0 0 0 0 0 0 0 0 0 0 0 0 0 0 0 0 0 50 253 243 38 0 0 20 149 253 251 45 0 0 0 0 0 0 0 0 0 0 0 0 0 0 0 0 0 11 253 241 90 90 162 225 253 253 138 0 0 0 0 0 0 0 0 0 0 0 0 0 0 0 0 0 0 5 203 254 253 253 253 253 237 52 2 0 0 0 0 0 0 0 0 0 0 0 0 0 0 0 0 0 0 0 61 201 253 163 153 99 34 0 0 0 0 0 0 0 0 0 0 0 0 0 0 0 0 0 0 0 0 0 0 0 0 0 0 0 0 0 0 0 0 0 0 0 0 0 0 0 0 0 0 0 0 0 0 0 0 0 0 0 0 0 0 0 0 0 0 0 0 0 0 0 0 0 0 0 0 0 0 0 0 0 0 0 0 0 0 0 0 0 0 0 0 0 0 0 0 0 0 0 0 0 0 0 0 0 
0 0 0 0 0 0 0 0 0 0 0 0 0 0 0 0 0 0 0 0 0 0 0 0 0 0 0 0 0 0 0 0 0 0 0 0 0 0 0 0 0 0 0 0 0 0 0 0 0 0 0 0 0 0 0 0 0 0 0 0 0 0 0 0 0 0 0 0 0 0 0 0 0 0 0 0 0 0 0 0 0 0 0 0 0 0 0 0 0 0 0 0 0 0 0 0 0 0 0 0 0 0 0 0 0 0 0 0 0 0 0 0 0 0 0 0 0 0 0 0 0 0 0 0 0 0 0 0 0 0 0 0 0 0 0 0 0 0 0 0 0 0 0 0 0 0 0 0 0 0 0 0 0 1 115 241 254 255 254 206 149 33 0 0 0 0 0 0 0 0 0 0 0 0 0 0 0 0 0 0 0 99 254 252 174 180 245 253 254 157 5 0 0 0 0 0 0 0 0 0 0 0 0 0 0 0 0 0 32 239 252 88 0 0 0 142 180 253 103 0 0 0 0 0 0 0 0 0 0 0 0 0 0 0 0 10 190 254 146 0 0 0 0 0 0 66 167 3 0 0 0 0 0 0 0 0 0 0 0 0 0 0 0 13 222 238 27 0 0 0 0 0 0 0 124 2 0 0 0 0 0 0 0 0 0 0 0 0 0 0 0 17 231 232 20 0 0 0 0 71 60 2 0 0 0 0 0 0 0 0 0 0 0 0 0 0 0 0 0 13 224 237 26 0 6 121 196 248 224 9 0 0 0 0 0 0 0 0 0 0 0 0 0 0 0 0 0 16 229 233 21 22 171 254 254 223 237 24 0 0 0 0 0 0 0 0 0 0 0 0 0 0 0 0 0 14 226 241 89 213 254 221 69 5 68 25 0 0 0 0 0 0 0 0 0 0 0 0 0 0 0 0 0 15 227 254 254 239 119 6 0 0 0 0 0 0 0 0 0 0 0 0 0 0 0 0 0 0 0 0 0 31 227 254 246 123 6 0 0 0 0 0 0 0 0 0 0 0 0 0 0 0 0 0 0 0 0 0 14 214 254 254 184 0 0 0 0 0 0 0 0 0 0 0 0 0 0 0 0 0 0 0 0 0 0 48 204 254 218 254 166 0 0 0 0 0 0 0 0 0 0 0 0 0 0 0 0 0 0 0 0 0 10 225 254 144 39 226 175 0 0 0 0 0 0 0 0 0 0 0 0 0 0 0 0 0 0 0 0 4 185 249 147 6 40 233 164 0 0 0 0 0 0 0 0 0 0 0 0 0 0 0 0 0 0 0 0 36 231 240 21 0 139 254 80 0 0 0 0 0 0 0 0 0 0 0 0 0 0 0 0 0 0 0 3 190 249 86 0 102 250 172 3 0 0 0 0 0 0 0 0 0 0 0 0 0 0 0 0 0 0 0 4 207 247 42 121 232 233 19 0 0 0 0 0 0 0 0 0 0 0 0 0 0 0 0 0 0 0 0 3 204 248 199 252 218 42 0 0 0 0 0 0 0 0 0 0 0 0 0 0 0 0 0 0 0 0 0 0 11 176 254 128 21 0 0 0 0 0 0 0 0 0 0 0 0 0 0 0 0 0 0 0 0 0 0 0 0 0 0 0 0 0 0 0 0 0 0 0 0 0 0 0 0 0 0 0 0 0 0 0 0 0 0 0 0 0 0 0 0 0 0 0 0 0 0 0 0 0 0 0 0 0 0 0 0 0 0 0 0 0 0 0 0 0 0 0 0 0 0 0 0 0 0 0 0 0 0 0 0 0 0 0 0 
0 0 0 0 0 0 0 0 0 0 0 0 0 0 0 0 0 0 0 0 0 0 0 0 0 0 0 0 0 0 0 0 0 0 0 0 0 0 0 0 0 0 0 0 0 0 0 0 0 0 0 0 0 0 0 0 0 0 0 0 0 0 0 0 0 0 0 0 0 0 0 0 0 0 0 0 0 0 0 0 0 0 0 0 0 0 0 0 0 0 0 0 0 0 0 0 0 0 0 0 0 0 0 0 0 0 0 0 0 0 0 0 0 0 0 0 0 0 0 0 0 0 0 0 4 69 236 255 218 12 0 0 0 0 0 0 0 0 0 0 0 0 0 0 0 0 0 0 0 0 0 0 136 252 252 204 132 5 0 0 0 0 0 0 0 0 0 0 0 0 0 0 0 0 0 0 0 0 0 87 251 247 99 9 0 0 0 0 0 0 0 0 0 0 0 0 0 0 0 0 0 0 0 0 0 0 100 232 247 98 0 0 0 0 0 0 0 0 0 0 0 0 0 0 0 0 0 0 0 0 0 0 0 0 192 252 99 0 0 0 36 203 185 62 0 0 0 0 0 0 0 0 0 0 0 0 0 0 0 0 0 124 254 151 0 0 0 43 227 253 253 253 0 0 0 0 0 0 0 0 0 0 0 0 0 0 0 0 0 211 253 63 0 0 0 183 252 137 252 252 0 0 0 0 0 0 0 0 0 0 0 0 0 0 0 0 0 158 253 159 0 0 18 253 217 183 252 199 0 0 0 0 0 0 0 0 0 0 0 0 0 0 0 0 0 35 253 224 67 16 221 253 252 252 252 77 0 0 0 0 0 0 0 0 0 0 0 0 0 0 0 0 0 0 165 252 249 221 252 253 252 208 252 86 0 0 0 0 0 0 0 0 0 0 0 0 0 0 0 0 0 0 0 116 232 253 253 150 27 18 239 253 18 0 0 0 0 0 0 0 0 0 0 0 0 0 0 0 0 0 0 29 213 252 137 0 0 0 90 252 106 0 0 0 0 0 0 0 0 0 0 0 0 0 0 0 0 0 0 85 252 247 38 0 0 0 160 252 115 0 0 0 0 0 0 0 0 0 0 0 0 0 0 0 0 0 55 197 247 98 0 0 0 0 169 252 185 0 0 0 0 0 0 0 0 0 0 0 0 0 0 0 0 0 148 252 231 0 0 0 0 9 204 252 106 0 0 0 0 0 0 0 0 0 0 0 0 0 0 0 0 0 210 253 65 0 0 0 0 39 253 253 89 0 0 0 0 0 0 0 0 0 0 0 0 0 0 0 0 80 253 189 5 0 0 0 29 213 252 137 0 0 0 0 0 0 0 0 0 0 0 0 0 0 0 0 0 97 253 210 30 22 110 189 239 251 134 4 0 0 0 0 0 0 0 0 0 0 0 0 0 0 0 0 0 0 227 252 252 252 252 253 231 173 0 0 0 0 0 0 0 0 0 0 0 0 0 0 0 0 0 0 0 0 87 226 252 252 208 129 28 0 0 0 0 0 0 0 0 0 0 0 0 0 0 0 0 0 0 0 0 0 0 0 0 0 0 0 0 0 0 0 0 0 0 0 0 0 0 0 0 0 0 0 0 0 0 0 0 0 0 0 0 0 0 0 0 0 0 0 0 0 0 0 0 0 0 0 0 0 0 0 0 0 0 0 0 0 0 0 0 0 0 0 0 0 0 0 0 0 0 0 0 0 0 0 0 0 0 0 0 0 0 0 0 0 0 0 0 0 0 0 0 0 0 0 0 0 0 0 0 0 0 0 
0 0 0 0 0 0 0 0 0 0 0 0 0 0 0 0 0 0 0 0 0 0 0 0 0 0 0 0 0 0 0 0 0 0 0 0 0 0 0 0 0 0 0 0 0 0 0 0 0 0 0 0 0 0 0 0 0 0 0 0 0 0 0 0 0 0 0 0 0 0 0 0 0 0 0 0 0 0 0 0 0 0 0 0 0 0 0 0 0 0 0 0 0 0 0 0 0 0 0 0 0 0 0 0 0 0 0 0 0 0 0 0 0 0 0 0 0 0 0 0 0 0 0 30 98 159 194 194 255 112 0 0 0 0 0 0 0 0 0 0 0 0 0 0 0 0 0 0 0 0 91 237 253 253 253 253 254 235 29 0 0 0 0 0 0 0 0 0 0 0 0 0 0 0 0 0 0 31 221 248 212 128 56 128 254 220 13 0 0 0 0 0 0 0 0 0 0 0 0 0 0 0 0 0 0 25 241 203 0 0 0 60 254 122 0 0 0 0 0 0 0 0 0 0 0 0 0 0 0 0 0 0 0 0 147 237 14 0 6 193 254 69 0 0 0 0 0 0 0 0 0 0 0 0 0 0 0 0 0 0 0 0 44 232 189 4 147 253 158 5 0 0 0 0 0 0 0 0 0 0 0 0 0 0 0 0 0 0 0 0 0 110 253 181 242 253 28 0 0 0 0 0 0 0 0 0 0 0 0 0 0 0 0 0 0 0 0 0 0 8 187 253 253 107 0 0 0 0 0 0 0 0 0 0 0 0 0 0 0 0 0 0 0 0 0 0 0 3 104 253 253 65 11 0 0 0 0 0 0 0 0 0 0 0 0 0 0 0 0 0 0 0 0 0 0 54 253 232 204 204 213 56 0 0 0 0 0 0 0 0 0 0 0 0 0 0 0 0 0 0 0 0 13 184 254 44 11 164 230 240 122 47 0 0 0 0 0 0 0 0 0 0 0 0 0 0 0 0 0 0 62 253 195 5 0 0 77 224 253 244 121 7 0 0 0 0 0 0 0 0 0 0 0 0 0 0 0 31 221 245 44 0 0 0 0 29 132 246 253 193 3 0 0 0 0 0 0 0 0 0 0 0 0 0 0 76 253 234 0 0 0 0 0 0 0 25 213 253 103 0 0 0 0 0 0 0 0 0 0 0 0 0 0 128 253 129 0 0 0 0 0 0 0 60 203 253 150 0 0 0 0 0 0 0 0 0 0 0 0 0 8 237 249 43 0 0 0 0 0 3 96 237 253 188 14 0 0 0 0 0 0 0 0 0 0 0 0 0 10 253 239 65 0 0 0 0 79 189 253 253 156 14 0 0 0 0 0 0 0 0 0 0 0 0 0 0 1 151 253 242 150 129 67 150 250 253 230 106 1 0 0 0 0 0 0 0 0 0 0 0 0 0 0 0 0 39 188 253 253 253 253 253 236 175 43 0 0 0 0 0 0 0 0 0 0 0 0 0 0 0 0 0 0 0 13 148 253 253 253 183 25 0 0 0 0 0 0 0 0 0 0 0 0 0 0 0 0 0 0 0 0 0 0 0 0 0 0 0 0 0 0 0 0 0 0 0 0 0 0 0 0 0 0 0 0 0 0 0 0 0 0 0 0 0 0 0 0 0 0 0 0 0 0 0 0 0 0 0 0 0 0 0 0 0 0 0 0 0 0 0 0 0 0 0 0 0 0 0 0 0 0 0 0 0 0 0 0 0 0 0 0 0 0 0 0 0 0 0 0 0 0 0 0 0 0 0 0 0 0 0 0 0 0 0 
0 0 0 0 0 0 0 0 0 0 0 0 0 0 0 0 0 0 0 0 0 0 0 0 0 0 0 0 0 0 0 0 0 0 0 0 0 0 0 0 0 0 0 0 0 0 0 0 0 0 0 0 0 0 0 0 0 0 0 0 0 0 0 0 0 0 0 0 0 0 0 0 0 0 0 0 0 0 0 0 0 0 0 0 0 0 0 0 0 0 0 0 0 0 0 0 0 0 0 0 0 0 0 0 0 0 0 0 0 0 0 0 0 0 0 0 0 0 0 0 0 0 0 0 0 0 0 0 0 0 0 0 0 0 0 0 0 0 0 0 0 0 0 0 0 0 0 0 0 0 0 0 0 0 7 70 70 70 70 19 0 0 0 0 0 0 0 0 0 0 0 0 0 0 0 0 0 0 0 0 13 114 232 253 254 253 253 169 0 0 0 0 0 0 30 172 0 0 0 0 0 0 0 0 0 0 11 125 221 253 251 230 138 137 179 162 0 0 0 0 7 91 226 196 0 0 0 0 0 0 0 0 0 0 182 253 254 185 63 0 0 0 0 0 0 0 0 34 204 253 162 0 0 0 0 0 0 0 0 0 0 89 237 254 68 0 0 0 0 0 0 0 0 13 153 254 236 134 17 0 0 0 0 0 0 0 0 0 0 138 253 202 0 0 0 0 0 0 0 0 55 193 253 202 50 0 0 0 0 0 0 0 0 0 0 0 0 147 253 152 0 0 0 0 0 0 11 125 237 240 179 29 0 0 0 0 0 0 0 0 0 0 0 0 0 163 253 169 0 0 0 0 0 85 199 253 254 81 0 0 0 0 0 0 0 0 0 0 0 0 0 0 0 134 241 254 119 0 0 0 221 254 254 169 0 0 0 0 0 0 0 0 0 0 0 0 0 0 0 0 0 0 191 253 222 55 164 230 254 210 73 6 0 0 0 0 0 0 0 0 0 0 0 0 0 0 0 0 0 0 30 179 254 253 253 253 188 21 0 0 0 0 0 0 0 0 0 0 0 0 0 0 0 0 0 0 0 0 0 59 254 253 253 185 25 0 0 0 0 0 0 0 0 0 0 0 0 0 0 0 0 0 0 0 0 0 49 229 255 254 237 19 0 0 0 0 0 0 0 0 0 0 0 0 0 0 0 0 0 0 0 0 0 110 232 253 173 232 236 36 0 0 0 0 0 0 0 0 0 0 0 0 0 0 0 0 0 0 0 0 74 208 234 104 0 214 253 85 0 0 0 0 0 0 0 0 0 0 0 0 0 0 0 0 0 0 0 0 128 253 137 0 0 197 253 103 0 0 0 0 0 0 0 0 0 0 0 0 0 0 0 0 0 0 0 0 221 254 46 0 19 237 239 25 0 0 0 0 0 0 0 0 0 0 0 0 0 0 0 0 0 0 0 0 203 253 192 138 204 253 221 25 0 0 0 0 0 0 0 0 0 0 0 0 0 0 0 0 0 0 0 0 88 226 253 253 247 196 25 0 0 0 0 0 0 0 0 0 0 0 0 0 0 0 0 0 0 0 0 0 0 13 69 69 50 0 0 0 0 0 0 0 0 0 0 0 0 0 0 0 0 0 0 0 0 0 0 0 0 0 0 0 0 0 0 0 0 0 0 0 0 0 0 0 0 0 0 0 0 0 0 0 0 0 0 0 0 0 0 0 0 0 0 0 0 0 0 0 0 0 0 0 0 0 0 0 0 0 0 0 0 0 0 0 0 0 0 0 0 0 0 0 0 0 0 0 0 0 0 0 0 0 0 0 
0 0 0 0 0 0 0 0 0 0 0 0 0 0 0 0 0 0 0 0 0 0 0 0 0 0 0 0 0 0 0 0 0 0 0 0 0 0 0 0 0 0 0 0 0 0 0 0 0 0 0 0 0 0 0 0 0 0 0 0 0 0 0 0 0 0 0 0 0 0 0 0 0 0 0 0 0 0 0 0 0 0 0 0 0 0 0 0 0 0 0 0 0 0 0 0 0 0 0 0 0 0 0 0 0 0 0 0 0 0 0 0 0 0 0 0 0 0 0 0 0 0 0 0 0 0 0 0 0 0 0 0 0 0 0 0 0 0 0 0 0 0 0 0 0 0 0 0 0 0 0 0 0 0 0 0 0 0 0 0 0 0 0 0 0 0 0 0 0 0 0 0 0 0 0 0 0 0 0 0 0 0 0 0 14 0 0 0 0 0 0 0 0 0 96 133 0 0 0 0 0 0 0 0 0 0 0 0 0 10 111 186 237 167 10 0 0 0 0 0 17 163 226 42 0 0 0 0 0 0 0 0 0 0 0 19 110 230 255 210 188 213 10 0 0 0 4 91 226 162 20 0 0 0 0 0 0 0 0 0 15 96 145 236 254 214 107 6 0 10 0 0 1 91 233 227 85 0 0 0 0 0 0 0 0 0 0 0 67 246 254 216 103 18 0 0 0 0 0 28 150 254 168 25 0 0 0 0 0 0 0 0 0 0 0 0 128 254 186 11 0 0 0 0 0 13 153 249 202 28 1 0 0 0 0 0 0 0 0 0 0 0 0 0 196 252 46 0 0 0 0 0 118 209 253 103 5 0 0 0 0 0 0 0 0 0 0 0 0 0 0 0 117 250 165 31 0 0 47 226 254 158 3 0 0 0 0 0 0 0 0 0 0 0 0 0 0 0 0 0 0 159 254 238 132 128 248 203 60 11 0 0 0 0 0 0 0 0 0 0 0 0 0 0 0 0 0 0 0 0 146 254 254 254 237 39 0 0 0 0 0 0 0 0 0 0 0 0 0 0 0 0 0 0 0 0 0 9 141 248 246 203 252 235 128 28 0 0 0 0 0 0 0 0 0 0 0 0 0 0 0 0 0 0 0 165 254 185 30 0 49 137 246 229 42 0 0 0 0 0 0 0 0 0 0 0 0 0 0 0 0 0 57 252 213 16 0 0 0 0 58 174 219 54 0 0 0 0 0 0 0 0 0 0 0 0 0 0 0 0 77 254 132 0 0 0 0 23 58 68 237 175 0 0 0 0 0 0 0 0 0 0 0 0 0 0 0 0 18 179 252 241 241 241 241 246 254 251 227 27 0 0 0 0 0 0 0 0 0 0 0 0 0 0 0 0 0 15 80 142 134 119 176 182 119 61 0 0 0 0 0 0 0 0 0 0 0 0 0 0 0 0 0 0 0 0 0 0 0 0 0 0 0 0 0 0 0 0 0 0 0 0 0 0 0 0 0 0 0 0 0 0 0 0 0 0 0 0 0 0 0 0 0 0 0 0 0 0 0 0 0 0 0 0 0 0 0 0 0 0 0 0 0 0 0 0 0 0 0 0 0 0 0 0 0 0 0 0 0 0 0 0 0 0 0 0 0 0 0 0 0 0 0 0 0 0 0 0 0 0 0 0 0 0 0 0 0 0 0 0 0 0 0 0 0 0 0 0 0 0 0 0 0 0 0 0 0 0 0 0 0 0 0 0 0 0 0 0 0 0 0 0 0 0 0 0 0 0 0 0 0 0 0 0 0 0 0 0 0 0 0 0 0 0 
0 0 0 0 0 0 0 0 0 0 0 0 0 0 0 0 0 0 0 0 0 0 0 0 0 0 0 0 0 0 0 0 0 0 0 0 0 0 0 0 0 0 0 0 0 0 0 0 0 0 0 0 0 0 0 0 0 0 0 0 0 0 0 0 0 0 0 0 0 0 0 0 0 0 0 0 0 0 0 0 0 0 0 0 0 0 0 0 0 0 0 0 0 0 0 0 0 0 0 0 0 0 0 0 0 0 0 0 0 0 0 0 0 0 0 0 0 0 0 0 0 0 0 0 0 0 0 0 0 0 0 0 0 0 0 0 0 0 0 0 0 0 0 0 0 0 0 0 0 0 0 0 0 0 89 171 182 202 42 0 0 0 0 0 0 0 0 0 0 0 0 0 0 0 0 0 0 0 0 0 73 135 254 191 181 201 207 0 0 0 0 0 0 0 0 0 0 0 0 0 0 0 0 0 0 53 171 254 213 243 244 67 0 176 187 0 0 0 0 0 0 0 0 0 0 0 0 0 0 0 0 0 94 248 129 67 26 57 68 57 21 238 83 0 0 0 0 0 0 0 0 0 0 0 0 0 0 0 0 1 253 139 0 0 0 0 0 0 140 170 0 0 0 0 0 0 0 0 0 0 0 0 0 0 0 0 0 84 222 5 0 0 0 0 0 42 244 67 0 0 0 0 0 0 0 0 0 0 0 0 0 0 0 0 0 145 217 0 0 0 0 0 16 213 156 0 0 0 0 0 0 0 0 0 0 0 0 0 0 0 0 0 0 83 238 83 0 0 0 63 182 253 32 0 0 0 0 0 0 0 0 0 0 0 0 0 0 0 0 0 0 1 155 249 202 181 213 254 255 233 223 109 0 0 0 0 0 0 0 0 0 0 0 0 0 0 0 0 0 0 0 73 109 109 191 253 99 16 171 243 42 0 0 0 0 0 0 0 0 0 0 0 0 0 0 0 0 0 0 0 0 42 234 139 0 0 0 166 156 0 0 0 0 0 0 0 0 0 0 0 0 0 0 0 0 0 0 0 32 197 160 5 0 0 0 42 249 31 0 0 0 0 0 0 0 0 0 0 0 0 0 0 0 0 0 11 192 212 21 0 0 0 0 0 182 88 0 0 0 0 0 0 0 0 0 0 0 0 0 0 0 0 0 73 254 88 0 0 0 0 0 0 181 170 0 0 0 0 0 0 0 0 0 0 0 0 0 0 0 0 0 21 255 88 0 0 0 0 0 0 79 254 53 0 0 0 0 0 0 0 0 0 0 0 0 0 0 0 0 0 254 109 0 0 0 0 0 0 37 253 73 0 0 0 0 0 0 0 0 0 0 0 0 0 0 0 0 0 192 212 11 0 0 0 0 0 37 254 73 0 0 0 0 0 0 0 0 0 0 0 0 0 0 0 0 0 26 191 218 104 0 0 0 0 140 232 11 0 0 0 0 0 0 0 0 0 0 0 0 0 0 0 0 0 0 21 125 228 202 139 110 171 239 73 0 0 0 0 0 0 0 0 0 0 0 0 0 0 0 0 0 0 0 0 0 21 88 170 233 191 42 0 0 0 0 0 0 0 0 0 0 0 0 0 0 0 0 0 0 0 0 0 0 0 0 0 0 0 0 0 0 0 0 0 0 0 0 0 0 0 0 0 0 0 0 0 0 0 0 0 0 0 0 0 0 0 0 0 0 0 0 0 0 0 0 0 0 0 0 0 0 0 0 0 0 0 0 0 0 0 0 0 0 0 0 0 0 0 0 0 0 0 0 0 
0 0 0 0 0 0 0 0 0 0 0 0 0 0 0 0 0 0 0 0 0 0 0 0 0 0 0 0 0 0 0 0 0 0 0 0 0 0 0 0 0 0 0 0 0 0 0 0 0 0 0 0 0 0 0 0 0 0 0 0 0 0 0 0 0 0 0 0 0 0 0 0 0 0 0 0 0 0 0 0 0 0 0 0 0 0 0 0 0 0 0 0 0 0 0 0 0 0 0 0 0 0 0 0 0 0 0 0 0 0 0 0 0 0 0 0 0 0 0 0 0 0 0 0 0 0 0 0 0 0 0 0 0 0 0 0 0 0 0 0 0 0 0 0 0 0 0 0 0 0 0 0 0 0 0 60 105 187 254 254 122 0 0 0 0 0 0 0 0 0 0 0 0 0 0 0 0 0 0 0 0 26 193 254 254 247 252 254 246 215 112 0 0 0 0 0 0 0 0 0 0 0 0 0 0 0 0 7 109 218 254 254 217 84 100 254 254 254 175 0 0 0 0 0 0 0 0 0 0 0 0 0 0 0 0 73 254 254 238 132 11 0 108 254 254 250 111 0 0 0 0 0 0 0 0 0 0 0 0 0 0 0 0 118 254 254 81 0 0 99 249 254 232 69 0 0 0 0 0 0 0 0 0 0 0 0 0 0 0 0 0 119 254 224 14 37 187 254 254 232 38 0 0 0 0 0 0 0 0 0 0 0 0 0 0 0 0 0 0 73 254 254 148 240 254 254 167 24 0 0 0 0 0 0 0 0 0 0 0 0 0 0 0 0 0 0 0 20 254 254 254 254 247 108 6 0 0 0 0 0 0 0 0 0 0 0 0 0 0 0 0 0 0 0 0 20 254 254 254 230 85 0 0 0 0 0 0 0 0 0 0 0 0 0 0 0 0 0 0 0 0 0 0 20 254 254 254 61 0 0 0 0 0 0 0 0 0 0 0 0 0 0 0 0 0 0 0 0 0 0 14 187 254 254 254 23 0 0 0 0 0 0 0 0 0 0 0 0 0 0 0 0 0 0 0 0 0 54 225 254 254 254 254 53 0 0 0 0 0 0 0 0 0 0 0 0 0 0 0 0 0 0 0 0 13 214 254 210 132 254 254 0 0 0 0 0 0 0 0 0 0 0 0 0 0 0 0 0 0 0 0 0 145 254 223 25 79 254 254 0 0 0 0 0 0 0 0 0 0 0 0 0 0 0 0 0 0 0 0 31 242 254 83 0 154 254 254 0 0 0 0 0 0 0 0 0 0 0 0 0 0 0 0 0 0 0 0 102 254 232 0 5 195 254 232 0 0 0 0 0 0 0 0 0 0 0 0 0 0 0 0 0 0 0 0 168 254 201 5 114 254 254 73 0 0 0 0 0 0 0 0 0 0 0 0 0 0 0 0 0 0 0 0 79 254 254 195 254 254 196 18 0 0 0 0 0 0 0 0 0 0 0 0 0 0 0 0 0 0 0 0 37 228 254 255 254 196 16 0 0 0 0 0 0 0 0 0 0 0 0 0 0 0 0 0 0 0 0 0 0 32 171 232 148 18 0 0 0 0 0 0 0 0 0 0 0 0 0 0 0 0 0 0 0 0 0 0 0 0 0 0 0 0 0 0 0 0 0 0 0 0 0 0 0 0 0 0 0 0 0 0 0 0 0 0 0 0 0 0 0 0 0 0 0 0 0 0 0 0 0 0 0 0 0 0 0 0 0 0 0 0 0 0 0 0 0 0 0 0 0 0 0 0 0 0 0 0 0 0 0 0 0 0 0 
0 0 0 0 0 0 0 0 0 0 0 0 0 0 0 0 0 0 0 0 0 0 0 0 0 0 0 0 0 0 0 0 0 0 0 0 0 0 0 0 0 0 0 0 0 0 0 0 0 0 0 0 0 0 0 0 0 0 0 0 0 0 0 0 0 0 0 0 0 0 0 0 0 0 0 0 0 0 0 0 0 0 0 0 0 0 0 0 0 0 0 0 0 0 0 0 0 0 0 0 0 0 0 0 0 0 0 0 0 0 0 0 0 0 0 0 0 0 0 0 0 0 0 0 0 0 0 0 0 0 0 0 0 0 0 0 0 0 0 0 0 0 0 0 0 0 0 0 0 0 0 37 42 0 0 0 37 254 163 0 0 0 0 0 0 0 0 0 0 0 0 0 0 0 0 0 0 36 158 244 245 203 20 0 56 253 162 0 0 0 0 0 0 0 0 0 0 0 0 0 0 0 0 0 0 241 253 176 132 242 172 22 128 253 149 0 0 0 0 0 0 0 0 0 0 0 0 0 0 0 0 0 0 254 210 8 0 39 215 119 201 245 41 0 0 0 0 0 0 0 0 0 0 0 0 0 0 0 0 0 0 221 218 13 0 0 105 247 253 202 0 0 0 0 0 0 0 0 0 0 0 0 0 0 0 0 0 0 0 106 254 127 0 0 0 114 254 177 0 0 0 0 0 0 0 0 0 0 0 0 0 0 0 0 0 0 0 5 217 244 102 0 16 200 253 60 0 0 0 0 0 0 0 0 0 0 0 0 0 0 0 0 0 0 0 0 132 253 231 49 73 253 208 8 0 0 0 0 0 0 0 0 0 0 0 0 0 0 0 0 0 0 0 0 12 186 253 201 150 249 85 0 0 0 0 0 0 0 0 0 0 0 0 0 0 0 0 0 0 0 0 0 0 36 182 253 254 198 0 0 0 0 0 0 0 0 0 0 0 0 0 0 0 0 0 0 0 0 0 0 0 0 7 181 255 215 11 0 0 0 0 0 0 0 0 0 0 0 0 0 0 0 0 0 0 0 0 0 0 0 0 111 254 253 171 0 0 0 0 0 0 0 0 0 0 0 0 0 0 0 0 0 0 0 0 0 0 0 0 181 254 240 248 105 0 0 0 0 0 0 0 0 0 0 0 0 0 0 0 0 0 0 0 0 0 0 54 238 254 87 250 242 38 0 0 0 0 0 0 0 0 0 0 0 0 0 0 0 0 0 0 0 0 0 109 253 202 5 121 253 194 0 0 0 0 0 0 0 0 0 0 0 0 0 0 0 0 0 0 0 0 0 110 254 124 0 37 254 254 0 0 0 0 0 0 0 0 0 0 0 0 0 0 0 0 0 0 0 0 0 193 253 39 0 37 253 253 0 0 0 0 0 0 0 0 0 0 0 0 0 0 0 0 0 0 0 0 0 199 253 14 41 145 253 207 0 0 0 0 0 0 0 0 0 0 0 0 0 0 0 0 0 0 0 0 0 193 253 219 230 253 238 61 0 0 0 0 0 0 0 0 0 0 0 0 0 0 0 0 0 0 0 0 0 38 194 254 233 149 41 0 0 0 0 0 0 0 0 0 0 0 0 0 0 0 0 0 0 0 0 0 0 0 0 0 0 0 0 0 0 0 0 0 0 0 0 0 0 0 0 0 0 0 0 0 0 0 0 0 0 0 0 0 0 0 0 0 0 0 0 0 0 0 0 0 0 0 0 0 0 0 0 0 0 0 0 0 0 0 0 0 0 0 0 0 0 0 0 0 0 0 0 0 0 
0 0 0 0 0 0 0 0 0 0 0 0 0 0 0 0 0 0 0 0 0 0 0 0 0 0 0 0 0 0 0 0 0 0 0 0 0 0 0 0 0 0 0 0 0 0 0 0 0 0 0 0 0 0 0 0 0 0 0 0 0 0 0 0 0 0 0 0 0 0 0 0 0 0 0 0 0 0 0 0 0 0 0 0 0 0 0 0 0 0 0 0 0 0 0 0 0 0 0 0 0 0 0 0 0 0 0 0 0 0 0 0 0 0 0 0 0 0 0 0 0 0 0 0 0 0 0 0 0 0 0 0 0 0 0 0 0 0 0 0 0 0 0 0 0 0 0 0 0 0 0 0 0 0 0 0 37 104 186 254 254 255 122 0 0 0 0 0 0 0 0 0 0 0 0 0 0 0 0 0 0 0 4 95 239 253 253 237 253 254 225 0 0 0 0 0 0 0 0 0 0 0 0 0 0 0 0 0 0 0 174 253 254 216 144 18 152 175 63 79 36 0 0 0 0 0 0 0 0 0 0 0 0 0 0 0 4 137 251 253 169 25 0 0 16 123 235 253 206 0 0 0 0 0 0 0 0 0 0 0 0 0 0 0 20 253 253 177 23 0 0 68 217 254 253 253 138 0 0 0 0 0 0 0 0 0 0 0 0 0 0 0 20 254 254 58 0 28 156 254 254 255 158 30 0 0 0 0 0 0 0 0 0 0 0 0 0 0 0 0 20 253 253 185 140 232 253 253 237 76 6 0 0 0 0 0 0 0 0 0 0 0 0 0 0 0 0 0 20 253 253 253 254 253 228 123 18 0 0 0 0 0 0 0 0 0 0 0 0 0 0 0 0 0 0 0 73 253 253 253 254 174 43 0 0 0 0 0 0 0 0 0 0 0 0 0 0 0 0 0 0 0 0 23 207 253 253 253 96 9 0 0 0 0 0 0 0 0 0 0 0 0 0 0 0 0 0 0 0 0 61 217 254 254 254 58 0 0 0 0 0 0 0 0 0 0 0 0 0 0 0 0 0 0 0 0 0 71 207 254 253 253 234 31 0 0 0 0 0 0 0 0 0 0 0 0 0 0 0 0 0 0 0 0 123 247 253 183 158 253 213 0 0 0 0 0 0 0 0 0 0 0 0 0 0 0 0 0 0 0 0 34 247 253 185 8 118 253 213 0 0 0 0 0 0 0 0 0 0 0 0 0 0 0 0 0 0 0 0 192 253 200 36 0 154 253 213 0 0 0 0 0 0 0 0 0 0 0 0 0 0 0 0 0 0 0 0 215 254 117 0 37 239 254 154 0 0 0 0 0 0 0 0 0 0 0 0 0 0 0 0 0 0 0 5 217 253 34 0 112 253 253 34 0 0 0 0 0 0 0 0 0 0 0 0 0 0 0 0 0 0 0 41 241 253 99 116 254 253 168 6 0 0 0 0 0 0 0 0 0 0 0 0 0 0 0 0 0 0 0 0 199 253 245 253 254 204 6 0 0 0 0 0 0 0 0 0 0 0 0 0 0 0 0 0 0 0 0 0 27 155 253 215 133 9 0 0 0 0 0 0 0 0 0 0 0 0 0 0 0 0 0 0 0 0 0 0 0 0 0 0 0 0 0 0 0 0 0 0 0 0 0 0 0 0 0 0 0 0 0 0 0 0 0 0 0 0 0 0 0 0 0 0 0 0 0 0 0 0 0 0 0 0 0 0 0 0 0 0 0 0 0 0 0 0 0 0 0 0 0 0 0 0 0 0 0 0 0 0 0 0 0 0 0 
0 0 0 0 0 0 0 0 0 0 0 0 0 0 0 0 0 0 0 0 0 0 0 0 0 0 0 0 0 0 0 0 0 0 0 0 0 0 0 0 0 0 0 0 0 0 0 0 0 0 0 0 0 0 0 0 0 0 0 0 0 0 0 0 0 0 0 0 0 0 0 0 0 0 0 0 0 0 0 0 0 0 0 0 0 0 0 0 0 0 0 0 0 0 0 0 0 0 0 0 0 0 0 0 0 0 0 0 0 0 0 0 0 0 0 0 0 0 0 0 0 0 0 0 0 0 0 0 0 0 0 0 0 0 0 0 0 0 0 0 0 0 0 0 0 0 0 0 0 0 0 0 0 64 195 196 38 0 0 0 0 0 0 0 0 0 0 0 0 0 0 0 0 0 0 0 0 0 0 51 190 249 253 254 223 60 0 0 0 0 0 0 0 0 0 0 0 0 0 0 0 0 0 0 0 0 82 231 253 240 253 254 253 235 40 0 0 0 0 0 0 0 0 0 0 0 0 0 0 0 0 0 0 0 163 249 112 35 54 111 253 179 102 0 0 0 0 0 0 0 0 0 0 0 0 0 0 0 0 0 0 0 163 198 0 0 0 73 253 127 0 0 0 0 0 0 0 0 0 0 0 0 0 0 0 0 0 0 0 0 163 215 11 0 0 73 254 191 0 0 0 0 0 0 0 0 0 0 0 0 0 0 0 0 0 0 0 0 143 253 88 0 0 176 241 67 0 0 0 0 0 0 0 0 0 0 0 0 0 0 0 0 0 0 0 0 11 225 222 56 133 254 140 0 0 0 0 0 0 0 0 0 0 0 0 0 0 0 0 0 0 0 0 0 0 134 250 253 253 196 4 0 0 0 0 0 0 0 0 0 0 0 0 0 0 0 0 0 0 0 0 0 0 0 152 253 253 207 7 0 0 0 0 0 0 0 0 0 0 0 0 0 0 0 0 0 0 0 0 0 0 0 186 254 254 255 215 63 0 0 0 0 0 0 0 0 0 0 0 0 0 0 0 0 0 0 0 0 0 103 250 249 166 134 249 224 12 0 0 0 0 0 0 0 0 0 0 0 0 0 0 0 0 0 0 0 0 145 253 189 0 0 105 248 209 0 0 0 0 0 0 0 0 0 0 0 0 0 0 0 0 0 0 0 0 145 253 144 0 0 0 146 242 38 0 0 0 0 0 0 0 0 0 0 0 0 0 0 0 0 0 0 0 145 253 144 0 0 0 95 253 98 0 0 0 0 0 0 0 0 0 0 0 0 0 0 0 0 0 0 0 72 243 144 0 0 0 37 254 72 0 0 0 0 0 0 0 0 0 0 0 0 0 0 0 0 0 0 0 0 165 163 0 0 0 76 242 31 0 0 0 0 0 0 0 0 0 0 0 0 0 0 0 0 0 0 0 0 82 244 95 37 108 248 235 0 0 0 0 0 0 0 0 0 0 0 0 0 0 0 0 0 0 0 0 0 8 164 248 254 253 250 89 0 0 0 0 0 0 0 0 0 0 0 0 0 0 0 0 0 0 0 0 0 0 0 52 189 201 107 0 0 0 0 0 0 0 0 0 0 0 0 0 0 0 0 0 0 0 0 0 0 0 0 0 0 0 0 0 0 0 0 0 0 0 0 0 0 0 0 0 0 0 0 0 0 0 0 0 0 0 0 0 0 0 0 0 0 0 0 0 0 0 0 0 0 0 0 0 0 0 0 0 0 0 0 0 0 0 0 0 0 0 0 0 0 0 0 0 0 0 0 0 0 
0 0 0 0 0 0 0 0 0 0 0 0 0 0 0 0 0 0 0 0 0 0 0 0 0 0 0 0 0 0 0 0 0 0 0 0 0 0 0 0 0 0 0 0 0 0 0 0 0 0 0 0 0 0 0 0 0 0 0 0 0 0 0 0 0 0 0 0 0 0 0 0 0 0 0 0 0 0 0 0 0 0 0 0 0 0 0 0 0 0 0 0 0 0 0 0 0 0 0 0 0 0 0 0 0 0 0 0 0 0 0 0 0 0 0 0 0 0 0 0 0 0 0 0 0 0 0 0 0 0 0 0 0 0 0 0 0 0 0 0 0 0 0 0 0 0 0 0 0 0 0 0 3 135 225 225 79 0 0 0 0 0 0 0 0 0 0 0 0 0 0 0 0 0 0 0 0 0 4 62 191 253 253 254 149 0 0 0 0 0 0 0 0 0 0 0 0 0 0 0 0 0 0 0 0 0 111 253 246 204 215 253 66 19 107 21 0 0 0 0 0 0 0 0 0 0 0 0 0 0 0 0 0 0 131 253 134 10 228 171 3 178 253 113 0 0 0 0 0 0 0 0 0 0 0 0 0 0 0 0 0 0 41 224 240 166 253 43 123 253 194 83 0 0 0 0 0 0 0 0 0 0 0 0 0 0 0 0 0 0 0 124 253 253 141 5 218 224 28 0 0 0 0 0 0 0 0 0 0 0 0 0 0 0 0 0 0 0 0 8 187 253 153 125 253 76 0 0 0 0 0 0 0 0 0 0 0 0 0 0 0 0 0 0 0 0 0 0 36 223 253 246 190 7 0 0 0 0 0 0 0 0 0 0 0 0 0 0 0 0 0 0 0 0 0 0 0 131 253 254 79 0 0 0 0 0 0 0 0 0 0 0 0 0 0 0 0 0 0 0 0 0 0 0 0 3 193 254 73 0 0 0 0 0 0 0 0 0 0 0 0 0 0 0 0 0 0 0 0 0 0 0 0 3 247 255 131 0 0 0 0 0 0 0 0 0 0 0 0 0 0 0 0 0 0 0 0 0 0 0 0 74 253 254 238 5 0 0 0 0 0 0 0 0 0 0 0 0 0 0 0 0 0 0 0 0 0 0 0 134 253 254 253 65 0 0 0 0 0 0 0 0 0 0 0 0 0 0 0 0 0 0 0 0 0 0 0 155 253 217 253 65 0 0 0 0 0 0 0 0 0 0 0 0 0 0 0 0 0 0 0 0 0 0 0 155 253 132 253 65 0 0 0 0 0 0 0 0 0 0 0 0 0 0 0 0 0 0 0 0 0 0 0 155 253 175 253 65 0 0 0 0 0 0 0 0 0 0 0 0 0 0 0 0 0 0 0 0 0 0 0 155 253 235 253 65 0 0 0 0 0 0 0 0 0 0 0 0 0 0 0 0 0 0 0 0 0 0 0 134 253 246 253 65 0 0 0 0 0 0 0 0 0 0 0 0 0 0 0 0 0 0 0 0 0 0 0 5 246 254 253 65 0 0 0 0 0 0 0 0 0 0 0 0 0 0 0 0 0 0 0 0 0 0 0 0 166 254 242 23 0 0 0 0 0 0 0 0 0 0 0 0 0 0 0 0 0 0 0 0 0 0 0 0 0 0 0 0 0 0 0 0 0 0 0 0 0 0 0 0 0 0 0 0 0 0 0 0 0 0 0 0 0 0 0 0 0 0 0 0 0 0 0 0 0 0 0 0 0 0 0 0 0 0 0 0 0 0 0 0 0 0 0 0 0 0 0 0 0 0 0 0 0 0 
0 0 0 0 0 0 0 0 0 0 0 0 0 0 0 0 0 0 0 0 0 0 0 0 0 0 0 0 0 0 0 0 0 0 0 0 0 0 0 0 0 0 0 0 0 0 0 0 0 0 0 0 0 0 0 0 0 0 0 0 0 0 0 0 0 0 0 0 0 0 0 0 0 0 0 0 0 0 0 0 0 0 0 0 0 0 0 0 0 0 0 0 0 0 0 0 0 0 0 0 0 0 0 0 0 0 0 0 0 0 0 0 0 0 0 0 0 0 0 0 0 0 0 0 0 0 0 0 0 0 0 0 0 0 0 0 0 0 0 0 0 0 0 0 0 0 0 0 0 0 0 0 0 0 0 0 61 148 245 253 253 175 11 0 0 0 0 0 0 0 0 0 0 0 0 0 0 0 0 0 0 8 85 173 253 252 157 133 239 253 98 0 0 0 0 0 0 0 0 0 0 0 0 0 0 0 0 0 8 173 252 252 253 201 19 0 158 253 246 232 77 0 0 0 0 0 0 0 0 0 0 0 0 0 0 11 171 252 252 226 128 21 6 134 204 253 252 252 84 0 0 0 0 0 0 0 0 0 0 0 0 0 0 43 252 252 182 42 0 80 206 252 252 253 252 146 14 0 0 0 0 0 0 0 0 0 0 0 0 0 0 43 253 253 84 80 166 253 253 253 218 150 27 0 0 0 0 0 0 0 0 0 0 0 0 0 0 0 0 43 252 252 211 242 253 252 245 98 11 0 0 0 0 0 0 0 0 0 0 0 0 0 0 0 0 0 0 43 252 252 252 252 250 152 27 0 0 0 0 0 0 0 0 0 0 0 0 0 0 0 0 0 0 0 0 43 252 252 252 226 70 0 0 0 0 0 0 0 0 0 0 0 0 0 0 0 0 0 0 0 0 0 45 175 252 252 252 59 0 0 0 0 0 0 0 0 0 0 0 0 0 0 0 0 0 0 0 0 0 29 175 255 253 253 243 35 0 0 0 0 0 0 0 0 0 0 0 0 0 0 0 0 0 0 0 0 8 197 252 253 252 252 189 0 0 0 0 0 0 0 0 0 0 0 0 0 0 0 0 0 0 0 0 0 171 252 252 191 252 252 180 0 0 0 0 0 0 0 0 0 0 0 0 0 0 0 0 0 0 0 0 22 237 252 182 43 252 252 84 0 0 0 0 0 0 0 0 0 0 0 0 0 0 0 0 0 0 0 0 85 252 252 59 43 252 252 84 0 0 0 0 0 0 0 0 0 0 0 0 0 0 0 0 0 0 0 0 146 253 253 42 166 253 253 84 0 0 0 0 0 0 0 0 0 0 0 0 0 0 0 0 0 0 0 0 190 252 226 104 253 252 201 21 0 0 0 0 0 0 0 0 0 0 0 0 0 0 0 0 0 0 0 0 190 252 252 244 253 252 29 0 0 0 0 0 0 0 0 0 0 0 0 0 0 0 0 0 0 0 0 0 163 252 252 252 243 153 7 0 0 0 0 0 0 0 0 0 0 0 0 0 0 0 0 0 0 0 0 0 14 236 252 252 124 0 0 0 0 0 0 0 0 0 0 0 0 0 0 0 0 0 0 0 0 0 0 0 0 0 0 0 0 0 0 0 0 0 0 0 0 0 0 0 0 0 0 0 0 0 0 0 0 0 0 0 0 0 0 0 0 0 0 0 0 0 0 0 0 0 0 0 0 0 0 0 0 0 0 0 0 0 0 0 0 0 0 0 0 0 0 0 0 0 0 0 0 0 0 0 0 0 0 0 0 
0 0 0 0 0 0 0 0 0 0 0 0 0 0 0 0 0 0 0 0 0 0 0 0 0 0 0 0 0 0 0 0 0 0 0 0 0 0 0 0 0 0 0 0 0 0 0 0 0 0 0 0 0 0 0 0 0 0 0 0 0 0 0 0 0 0 0 0 0 0 0 0 0 0 0 0 0 0 0 0 0 0 0 0 0 0 0 0 0 0 0 0 0 0 0 0 0 0 0 0 0 0 0 0 0 0 0 0 0 0 0 0 0 0 0 0 0 0 0 0 0 0 0 0 0 0 0 0 0 0 0 0 0 0 0 0 0 0 0 0 0 0 0 0 0 0 0 0 0 0 0 0 3 25 137 252 254 188 80 14 0 0 0 0 0 0 0 0 0 0 0 0 0 0 0 0 0 0 32 137 222 224 230 185 200 254 171 17 0 0 0 0 0 0 0 0 0 0 0 0 0 0 0 0 0 64 226 249 159 39 11 1 143 254 204 0 0 0 0 0 0 0 0 0 0 0 0 0 0 0 0 0 107 249 221 45 0 0 0 0 149 254 161 0 0 0 0 0 0 0 0 0 0 0 0 0 0 0 0 10 225 248 55 0 0 0 0 28 198 211 29 0 0 0 0 0 0 0 0 0 0 0 0 0 0 0 0 53 254 158 0 0 0 0 0 200 245 98 0 0 0 0 0 0 0 0 0 0 0 0 0 0 0 0 0 11 208 246 124 7 0 0 142 252 143 0 0 0 0 0 0 0 0 0 0 0 0 0 0 0 0 0 0 0 11 215 254 171 35 104 254 218 10 0 0 0 0 0 0 0 0 0 0 0 0 0 0 0 0 0 0 0 0 34 210 254 227 232 227 30 0 0 0 0 0 0 0 0 0 0 0 0 0 0 0 0 0 0 0 0 0 0 9 121 254 254 254 178 94 40 0 0 0 0 0 0 0 0 0 0 0 0 0 0 0 0 0 0 0 0 0 18 255 227 201 254 254 236 108 0 0 0 0 0 0 0 0 0 0 0 0 0 0 0 0 0 0 0 0 73 254 81 3 63 147 222 252 97 0 0 0 0 0 0 0 0 0 0 0 0 0 0 0 0 0 0 0 85 254 79 0 0 0 58 233 233 31 0 0 0 0 0 0 0 0 0 0 0 0 0 0 0 0 0 0 18 254 79 0 0 0 0 219 254 52 0 0 0 0 0 0 0 0 0 0 0 0 0 0 0 0 0 0 18 254 94 0 0 0 0 219 223 8 0 0 0 0 0 0 0 0 0 0 0 0 0 0 0 0 0 0 3 196 239 0 0 0 38 236 145 0 0 0 0 0 0 0 0 0 0 0 0 0 0 0 0 0 0 0 0 184 254 10 0 7 182 254 122 0 0 0 0 0 0 0 0 0 0 0 0 0 0 0 0 0 0 0 0 82 254 88 0 134 254 178 11 0 0 0 0 0 0 0 0 0 0 0 0 0 0 0 0 0 0 0 0 3 197 94 119 249 182 10 0 0 0 0 0 0 0 0 0 0 0 0 0 0 0 0 0 0 0 0 0 0 116 254 254 202 44 0 0 0 0 0 0 0 0 0 0 0 0 0 0 0 0 0 0 0 0 0 0 0 0 0 0 0 0 0 0 0 0 0 0 0 0 0 0 0 0 0 0 0 0 0 0 0 0 0 0 0 0 0 0 0 0 0 0 0 0 0 0 0 0 0 0 0 0 0 0 0 0 0 0 0 0 0 0 0 0 0 0 0 0 0 0 0 0 0 0 0 0 0 0 
0 0 0 0 0 0 0 0 0 0 0 0 0 0 0 0 0 0 0 0 0 0 0 0 0 0 0 0 0 0 0 0 0 0 0 0 0 0 0 0 0 0 0 0 0 0 0 0 0 0 0 0 0 0 0 0 0 0 0 0 0 0 0 0 0 0 0 0 0 0 0 0 0 0 0 0 0 0 0 0 0 0 0 0 0 0 0 0 0 0 0 0 0 0 0 0 0 0 0 0 0 0 0 0 0 0 0 0 0 0 0 0 0 0 0 0 0 0 0 0 0 0 0 0 0 0 0 0 0 0 0 0 0 0 0 0 0 0 0 0 0 0 0 0 0 0 0 0 0 0 0 0 0 0 0 0 0 0 0 0 0 0 0 0 0 0 0 0 0 0 0 0 0 9 168 253 253 253 253 186 143 191 255 253 253 244 143 230 200 56 0 0 0 0 0 0 0 0 0 0 0 49 241 252 252 252 252 252 252 252 253 252 252 252 252 252 252 146 0 0 0 0 0 0 0 0 0 0 0 0 209 252 252 252 161 153 183 166 154 153 153 153 153 67 44 17 0 0 0 0 0 0 0 0 0 0 0 0 52 237 252 252 89 0 4 2 0 0 0 0 0 0 69 19 0 0 0 0 0 0 0 0 0 0 0 0 0 104 233 252 248 99 15 0 0 0 0 5 56 141 245 184 0 0 0 0 0 0 0 0 0 0 0 0 0 0 60 233 252 252 178 50 0 0 74 150 252 252 248 64 0 0 0 0 0 0 0 0 0 0 0 0 0 0 0 17 175 252 252 243 122 198 249 252 252 248 87 0 0 0 0 0 0 0 0 0 0 0 0 0 0 0 0 0 5 173 252 252 253 252 252 210 136 64 0 0 0 0 0 0 0 0 0 0 0 0 0 0 0 0 0 0 0 12 204 252 253 252 179 3 0 0 0 0 0 0 0 0 0 0 0 0 0 0 0 0 0 0 0 0 0 87 244 252 253 252 196 53 0 0 0 0 0 0 0 0 0 0 0 0 0 0 0 0 0 0 0 0 7 210 253 253 240 253 253 231 0 0 0 0 0 0 0 0 0 0 0 0 0 0 0 0 0 0 0 0 40 252 252 252 44 199 252 246 90 0 0 0 0 0 0 0 0 0 0 0 0 0 0 0 0 0 0 0 213 252 252 161 0 31 217 252 219 22 0 0 0 0 0 0 0 0 0 0 0 0 0 0 0 0 0 0 231 252 246 82 0 0 96 251 252 120 2 0 0 0 0 0 0 0 0 0 0 0 0 0 0 0 0 0 231 252 175 0 0 0 0 218 252 252 94 0 0 0 0 0 0 0 0 0 0 0 0 0 0 0 0 0 193 252 175 0 0 0 0 46 252 252 131 0 0 0 0 0 0 0 0 0 0 0 0 0 0 0 0 0 20 248 246 135 10 0 0 23 252 252 131 0 0 0 0 0 0 0 0 0 0 0 0 0 0 0 0 0 0 135 252 252 241 154 154 163 252 252 131 0 0 0 0 0 0 0 0 0 0 0 0 0 0 0 0 0 0 12 170 252 253 252 252 252 252 225 44 0 0 0 0 0 0 0 0 0 0 0 0 0 0 0 0 0 0 0 44 142 253 252 252 252 228 45 0 0 0 0 0 0 0 0 0 0 0 0 0 0 0 0 0 0 0 0 0 0 0 0 0 0 0 0 0 0 0 0 0 0 0 0 0 0 0 0 0 0 0 0 0 0 0 0 0 0 0 0 0 0 0 0 0 0 0 0 0 0 0 0 
0 0 0 0 0 0 0 0 0 0 0 0 0 0 0 0 0 0 0 0 0 0 0 0 0 0 0 0 0 0 0 0 0 0 0 0 0 0 0 0 0 0 0 0 0 0 0 0 0 0 0 0 0 0 0 0 0 0 0 0 0 0 0 0 0 0 0 0 0 0 0 0 0 0 0 0 0 0 0 0 0 0 0 0 0 0 0 0 0 0 0 0 0 0 0 0 0 0 0 0 0 0 0 0 0 0 0 0 0 0 0 0 0 0 0 0 0 0 0 0 0 0 0 0 0 0 0 0 0 0 0 0 0 0 0 0 0 0 0 0 0 0 0 0 0 0 0 0 0 0 86 198 170 86 0 0 0 0 0 0 0 0 0 0 0 0 0 0 0 0 0 0 0 0 0 0 0 29 226 141 86 198 255 141 57 0 0 0 0 0 0 0 0 0 0 0 0 0 0 0 0 0 0 0 0 86 255 29 0 0 29 198 226 86 0 0 0 0 0 0 0 0 0 0 0 0 0 0 0 0 0 0 0 0 170 141 0 0 0 0 141 226 29 0 0 0 0 0 0 0 0 0 0 0 0 0 0 0 0 0 0 0 57 226 86 0 0 29 29 255 86 0 0 0 0 0 0 0 0 0 0 0 0 0 0 0 0 0 0 0 0 86 226 114 170 255 255 255 86 0 0 0 0 0 0 0 0 0 0 0 0 0 0 0 0 0 0 0 0 0 86 255 255 86 114 198 0 0 0 0 0 0 0 0 0 0 0 0 0 0 0 0 0 0 0 0 0 0 114 255 255 29 86 29 0 0 0 0 0 0 0 0 0 0 0 0 0 0 0 0 0 0 0 0 0 29 255 86 170 198 29 0 0 0 0 0 0 0 0 0 0 0 0 0 0 0 0 0 0 0 0 0 0 114 170 0 0 170 198 0 0 0 0 0 0 0 0 0 0 0 0 0 0 0 0 0 0 0 0 0 0 170 114 0 0 57 226 141 0 0 0 0 0 0 0 0 0 0 0 0 0 0 0 0 0 0 0 0 57 226 29 0 0 0 57 226 29 0 0 0 0 0 0 0 0 0 0 0 0 0 0 0 0 0 0 0 141 141 0 0 0 0 0 114 198 29 0 0 0 0 0 0 0 0 0 0 0 0 0 0 0 0 0 0 226 86 0 0 0 0 0 29 226 141 0 0 0 0 0 0 0 0 0 0 0 0 0 0 0 0 0 29 255 86 0 0 0 0 0 0 114 198 0 0 0 0 0 0 0 0 0 0 0 0 0 0 0 0 0 0 255 86 0 0 0 0 0 0 57 255 57 0 0 0 0 0 0 0 0 0 0 0 0 0 0 0 0 0 198 114 0 0 0 0 0 0 0 255 86 0 0 0 0 0 0 0 0 0 0 0 0 0 0 0 0 0 86 198 57 0 0 0 0 0 86 255 86 0 0 0 0 0 0 0 0 0 0 0 0 0 0 0 0 0 0 170 255 141 86 86 86 198 255 170 0 0 0 0 0 0 0 0 0 0 0 0 0 0 0 0 0 0 0 0 57 114 170 198 198 170 57 0 0 0 0 0 0 0 0 0 0 0 0 0 0 0 0 0 0 0 0 0 0 0 0 0 0 0 0 0 0 0 0 0 0 0 0 0 0 0 0 0 0 0 0 0 0 0 0 0 0 0 0 0 0 0 0 0 0 0 0 0 0 0 0 0 0 0 0 0 0 0 0 0 0 0 0 0 0 0 0 0 0 0 0 0 0 0 0 0 0 0 0 0 
0 0 0 0 0 0 0 0 0 0 0 0 0 0 0 0 0 0 0 0 0 0 0 0 0 0 0 0 0 0 0 0 0 0 0 0 0 0 0 0 0 0 0 0 0 0 0 0 0 0 0 0 0 0 0 0 0 0 0 0 0 0 0 0 0 0 0 0 0 0 0 0 0 0 0 0 0 0 0 0 0 0 0 0 0 0 0 0 0 0 0 0 0 0 0 0 0 0 0 0 0 0 0 0 0 0 0 0 0 0 0 0 0 0 0 0 0 0 0 0 0 0 0 0 0 0 0 0 0 0 0 0 0 0 0 0 0 0 0 0 0 0 0 0 0 0 0 0 0 0 0 0 8 67 220 255 254 226 96 0 0 0 0 0 0 0 0 0 0 0 0 0 0 0 0 0 0 0 0 58 216 254 254 248 231 254 192 0 0 0 0 0 0 0 0 0 0 0 0 0 0 0 0 0 0 1 108 252 254 254 254 245 221 219 67 0 0 0 0 0 0 0 0 0 0 0 0 0 0 0 0 0 0 14 231 254 245 109 254 254 223 60 0 0 0 0 0 0 0 0 0 0 0 0 0 0 0 0 0 0 0 0 127 254 241 72 254 247 53 0 0 0 0 0 0 0 0 0 0 0 0 0 0 0 0 0 0 0 0 0 16 128 254 254 250 60 0 0 0 0 0 0 0 0 0 0 0 0 0 0 0 0 0 0 0 0 0 0 0 57 254 254 211 10 0 0 0 0 0 0 0 0 0 0 0 0 0 0 0 0 0 0 0 0 0 0 0 113 254 254 254 139 0 0 0 0 0 0 0 0 0 0 0 0 0 0 0 0 0 0 0 0 0 0 84 239 184 37 244 248 59 0 0 0 0 0 0 0 0 0 0 0 0 0 0 0 0 0 0 0 0 0 179 232 48 0 66 243 220 0 0 0 0 0 0 0 0 0 0 0 0 0 0 0 0 0 0 0 0 44 254 173 0 0 0 202 254 85 0 0 0 0 0 0 0 0 0 0 0 0 0 0 0 0 0 0 0 114 254 54 0 0 0 84 254 207 10 0 0 0 0 0 0 0 0 0 0 0 0 0 0 0 0 0 0 151 250 9 0 0 0 9 210 254 92 0 0 0 0 0 0 0 0 0 0 0 0 0 0 0 0 0 0 207 169 0 0 0 0 0 198 254 113 0 0 0 0 0 0 0 0 0 0 0 0 0 0 0 0 0 0 190 184 2 0 0 0 0 198 254 113 0 0 0 0 0 0 0 0 0 0 0 0 0 0 0 0 0 0 114 254 58 0 0 0 0 198 254 113 0 0 0 0 0 0 0 0 0 0 0 0 0 0 0 0 0 0 114 254 197 0 0 0 0 198 254 81 0 0 0 0 0 0 0 0 0 0 0 0 0 0 0 0 0 0 11 209 252 154 36 0 114 252 159 1 0 0 0 0 0 0 0 0 0 0 0 0 0 0 0 0 0 0 0 90 242 254 240 218 250 228 44 0 0 0 0 0 0 0 0 0 0 0 0 0 0 0 0 0 0 0 0 0 60 170 254 254 169 36 0 0 0 0 0 0 0 0 0 0 0 0 0 0 0 0 0 0 0 0 0 0 0 0 0 0 0 0 0 0 0 0 0 0 0 0 0 0 0 0 0 0 0 0 0 0 0 0 0 0 0 0 0 0 0 0 0 0 0 0 0 0 0 0 0 0 0 0 0 0 0 0 0 0 0 0 0 0 0 0 0 0 0 0 0 0 0 0 0 0 0 0 0 0 0 
0 0 0 0 0 0 0 0 0 0 0 0 0 0 0 0 0 0 0 0 0 0 0 0 0 0 0 0 0 0 0 0 0 0 0 0 0 0 0 0 0 0 0 0 0 0 0 0 0 0 0 0 0 0 0 0 0 0 0 0 0 0 0 0 0 0 0 0 0 0 0 0 0 0 0 0 0 0 0 0 0 0 0 0 0 0 0 0 0 0 0 0 0 0 0 0 0 0 0 0 0 0 0 0 0 0 0 0 0 0 0 0 0 0 0 0 0 0 0 0 0 0 0 0 0 0 0 0 0 0 0 0 0 0 0 0 0 0 0 0 0 0 0 0 0 0 0 0 0 0 0 0 0 13 121 190 255 76 0 0 0 54 253 226 0 0 0 0 0 0 0 0 0 0 0 0 0 91 107 107 107 192 252 252 253 247 25 0 0 54 252 251 101 0 0 0 0 0 0 0 0 0 0 90 142 248 252 252 252 252 252 252 253 252 229 154 110 232 252 252 154 0 0 0 0 0 0 0 0 0 0 240 252 252 252 252 252 252 252 252 253 252 252 240 244 252 252 252 238 0 0 0 0 0 0 0 0 0 96 249 252 252 252 252 252 252 252 252 221 249 252 252 252 252 252 252 133 0 0 0 0 0 0 0 0 0 121 252 252 252 252 252 252 204 73 227 61 242 252 252 252 252 252 232 28 0 0 0 0 0 0 0 0 0 121 252 252 252 252 252 245 78 22 133 211 252 252 252 252 252 224 120 0 0 0 0 0 0 0 0 0 0 44 244 252 252 252 252 216 27 208 208 253 252 252 252 252 246 71 0 0 0 0 0 0 0 0 0 0 0 0 240 245 252 252 252 252 196 252 252 253 252 252 252 248 118 0 0 0 0 0 0 0 0 0 0 0 0 0 114 106 252 252 252 252 252 252 252 253 252 252 209 88 0 0 0 0 0 0 0 0 0 0 0 0 0 0 0 94 253 253 253 253 253 253 253 255 253 209 92 0 0 0 0 0 0 0 0 0 0 0 0 0 0 0 0 5 144 252 252 252 252 252 252 253 150 8 0 0 0 0 0 0 0 0 0 0 0 0 0 0 0 0 0 35 178 252 252 252 252 252 252 253 241 107 64 0 0 0 0 0 0 0 0 0 0 0 0 0 0 0 0 94 231 252 252 252 252 252 252 253 252 252 240 45 0 0 0 0 0 0 0 0 0 0 0 0 0 0 0 164 252 252 252 252 252 213 220 253 252 252 252 158 0 0 0 0 0 0 0 0 0 0 0 0 0 0 0 122 252 252 252 252 252 214 221 253 252 252 252 185 0 0 0 0 0 0 0 0 0 0 0 0 0 0 0 135 231 252 252 252 252 252 252 253 252 252 252 185 0 0 0 0 0 0 0 0 0 0 0 0 0 0 0 35 109 252 252 252 252 252 252 253 252 252 243 96 0 0 0 0 0 0 0 0 0 0 0 0 0 0 0 0 131 168 248 252 252 252 252 253 252 121 142 0 0 0 0 0 0 0 0 0 0 0 0 0 0 0 0 0 0 0 89 210 252 181 181 120 189 12 0 0 0 0 0 0 0 0 0 0 0 0 0 0 0 0 0 0 0 0 0 0 0 0 0 0 0 0 0 0 0 0 0 0 0 0 0 0 0 0 0 0 0 0 0 0 0 0 0 0 0 0 0 0 0 0 0 0 0 0 0 0 0 0 0 0 0 0 0 0 0 0 0 0 0 0 0 0 0 0 0 0 0 0 0 0 0 0 0 0 0 0 0 
0 0 0 0 0 0 0 0 0 0 0 0 0 0 0 0 0 0 0 0 0 0 0 0 0 0 0 0 0 0 0 0 0 0 0 0 0 0 0 0 0 0 0 0 0 0 0 0 0 0 0 0 0 0 0 0 0 0 0 0 0 0 0 0 0 0 0 0 0 0 0 0 0 0 0 0 0 0 0 0 0 0 0 0 0 0 0 0 0 0 0 0 0 0 0 0 0 0 0 0 0 0 0 0 0 0 0 0 0 0 0 0 0 0 0 0 0 0 0 0 0 0 0 0 0 0 0 0 0 0 0 0 0 0 0 0 0 0 0 0 0 0 0 0 0 0 0 0 0 0 0 0 8 123 245 156 7 0 0 0 0 0 0 0 0 0 0 0 0 0 0 0 0 0 0 0 0 0 0 36 157 252 252 252 42 0 0 0 0 0 0 0 0 0 0 0 0 0 0 0 0 0 0 0 0 0 6 119 253 252 252 141 4 0 0 0 0 18 22 22 22 7 0 0 0 0 0 0 0 0 0 0 0 68 190 252 253 252 212 28 0 0 0 59 134 239 253 252 252 180 18 0 0 0 0 0 0 0 0 0 36 241 252 252 174 121 29 0 0 80 211 249 252 252 253 217 147 66 0 0 0 0 0 0 0 0 0 0 103 253 253 191 45 0 0 29 175 255 253 253 243 167 45 0 0 0 0 0 0 0 0 0 0 0 0 32 237 252 231 54 0 0 87 232 252 253 252 174 82 0 0 0 0 0 0 0 0 0 0 0 0 0 0 43 252 252 92 0 4 136 251 252 252 223 91 2 0 0 0 0 0 0 0 0 0 0 0 0 0 0 0 43 252 252 196 81 139 252 252 236 145 35 0 0 0 0 0 0 0 0 0 0 0 0 0 0 0 0 0 7 77 244 252 252 253 252 244 66 0 0 0 0 0 0 0 0 0 0 0 0 0 0 0 0 0 0 0 0 0 110 253 253 255 253 245 78 43 0 0 0 0 0 0 0 0 0 0 0 0 0 0 0 0 0 0 0 0 57 252 252 253 252 252 252 252 159 0 0 0 0 0 0 0 0 0 0 0 0 0 0 0 0 0 0 0 180 252 252 170 126 233 252 252 250 197 11 0 0 0 0 0 0 0 0 0 0 0 0 0 0 0 0 0 232 252 182 0 0 42 111 215 253 252 91 0 0 0 0 0 0 0 0 0 0 0 0 0 0 0 0 0 232 252 103 0 0 0 0 62 253 252 126 0 0 0 0 0 0 0 0 0 0 0 0 0 0 0 0 71 250 253 42 0 0 0 0 0 148 253 127 0 0 0 0 0 0 0 0 0 0 0 0 0 0 0 0 0 232 252 156 0 0 0 0 36 227 252 126 0 0 0 0 0 0 0 0 0 0 0 0 0 0 0 0 0 169 245 252 233 153 127 127 179 253 245 27 0 0 0 0 0 0 0 0 0 0 0 0 0 0 0 0 0 0 127 242 253 252 252 252 252 243 126 0 0 0 0 0 0 0 0 0 0 0 0 0 0 0 0 0 0 0 0 79 165 252 252 252 208 79 0 0 0 0 0 0 0 0 0 0 0 0 0 0 0 0 0 0 0 0 0 0 0 0 0 0 0 0 0 0 0 0 0 0 0 0 0 0 0 0 0 0 0 0 0 0 0 0 0 0 0 0 0 0 0 0 0 0 0 0 0 0 0 0 0 0 0 0 0 0 0 0 0 0 0 0 0 0 0 0 0 0 0 0 0 0 0 0 0 0 0 0 0 0 
0 0 0 0 0 0 0 0 0 0 0 0 0 0 0 0 0 0 0 0 0 0 0 0 0 0 0 0 0 0 0 0 0 0 0 0 0 0 0 0 0 0 0 0 0 0 0 0 0 0 0 0 0 0 0 0 0 0 0 0 0 0 0 0 0 0 0 0 0 0 0 0 0 0 0 0 0 0 0 0 0 0 0 0 0 0 0 0 0 0 0 0 0 0 0 0 0 0 0 0 0 0 0 0 0 0 0 0 0 0 0 0 0 0 0 0 0 0 0 0 0 0 0 0 0 0 0 0 0 0 0 0 0 0 0 0 0 0 0 0 0 0 0 0 0 0 0 0 0 0 0 0 0 45 128 169 211 214 129 18 0 0 0 0 0 0 0 0 0 0 0 0 0 0 0 0 0 0 0 66 213 253 254 254 254 254 254 141 0 0 0 0 0 0 0 0 0 0 0 0 0 0 0 0 0 0 67 244 254 254 216 218 254 219 170 24 7 174 208 47 0 0 0 0 0 0 0 0 0 0 0 0 0 0 151 254 254 128 6 7 13 7 0 0 75 254 254 159 0 0 0 0 0 0 0 0 0 0 0 0 0 0 151 254 254 30 0 0 0 0 0 29 175 254 254 108 0 0 0 0 0 0 0 0 0 0 0 0 0 0 131 254 254 129 0 0 0 0 39 224 254 254 192 6 0 0 0 0 0 0 0 0 0 0 0 0 0 0 7 217 254 249 50 0 0 39 223 254 254 171 16 0 0 0 0 0 0 0 0 0 0 0 0 0 0 0 0 88 249 254 177 8 87 223 254 254 141 8 0 0 0 0 0 0 0 0 0 0 0 0 0 0 0 0 0 0 154 254 254 196 249 254 233 102 8 0 0 0 0 0 0 0 0 0 0 0 0 0 0 0 0 0 0 0 99 254 254 254 254 166 21 0 0 0 0 0 0 0 0 0 0 0 0 0 0 0 0 0 0 0 0 44 183 254 254 254 108 8 0 0 0 0 0 0 0 0 0 0 0 0 0 0 0 0 0 0 0 0 95 235 254 254 254 254 43 0 0 0 0 0 0 0 0 0 0 0 0 0 0 0 0 0 0 0 0 106 234 254 189 201 254 254 43 0 0 0 0 0 0 0 0 0 0 0 0 0 0 0 0 0 0 0 97 252 254 180 33 138 254 254 102 0 0 0 0 0 0 0 0 0 0 0 0 0 0 0 0 0 0 0 226 254 168 5 0 138 254 254 43 0 0 0 0 0 0 0 0 0 0 0 0 0 0 0 0 0 0 0 247 254 45 0 0 203 254 252 40 0 0 0 0 0 0 0 0 0 0 0 0 0 0 0 0 0 0 0 247 254 111 2 76 247 254 148 0 0 0 0 0 0 0 0 0 0 0 0 0 0 0 0 0 0 0 0 211 254 254 137 214 255 253 92 0 0 0 0 0 0 0 0 0 0 0 0 0 0 0 0 0 0 0 0 23 214 254 254 254 254 116 0 0 0 0 0 0 0 0 0 0 0 0 0 0 0 0 0 0 0 0 0 0 23 133 247 235 105 0 0 0 0 0 0 0 0 0 0 0 0 0 0 0 0 0 0 0 0 0 0 0 0 0 0 0 0 0 0 0 0 0 0 0 0 0 0 0 0 0 0 0 0 0 0 0 0 0 0 0 0 0 0 0 0 0 0 0 0 0 0 0 0 0 0 0 0 0 0 0 0 0 0 0 0 0 0 0 0 0 0 0 0 0 0 0 0 0 0 0 0 0 0 0 0 0 0 
0 0 0 0 0 0 0 0 0 0 0 0 0 0 0 0 0 0 0 0 0 0 0 0 0 0 0 0 0 0 0 0 0 0 0 0 0 0 0 0 0 0 0 0 0 0 0 0 0 0 0 0 0 0 0 0 0 0 0 0 0 0 0 0 0 0 0 0 0 0 0 0 0 0 0 0 0 0 0 0 0 0 0 0 0 0 0 0 0 0 0 0 0 0 0 0 0 0 0 0 0 0 0 0 0 0 0 0 0 0 0 0 0 0 0 0 0 0 0 0 0 0 0 0 0 0 0 0 0 0 0 0 0 0 0 0 0 0 0 0 0 0 0 0 0 0 0 0 0 0 0 83 121 197 253 255 253 133 190 121 32 0 0 0 0 0 0 0 0 0 0 0 0 0 0 0 0 85 205 248 252 252 252 253 252 252 252 252 215 34 0 0 0 0 0 0 0 0 0 0 0 0 0 0 0 200 252 252 252 252 252 253 252 252 252 252 252 198 0 0 0 0 0 0 0 0 0 0 0 0 0 0 0 200 252 252 201 172 172 173 172 172 169 252 252 212 0 0 0 0 0 0 0 0 0 0 0 0 0 0 0 147 235 252 128 0 0 0 0 0 213 252 252 107 0 0 0 0 0 0 0 0 0 0 0 0 0 0 0 0 158 252 245 79 0 0 0 98 242 252 184 21 0 0 0 0 0 0 0 0 0 0 0 0 0 0 0 0 45 239 252 199 19 20 167 244 252 185 21 0 0 0 0 0 0 0 0 0 0 0 0 0 0 0 0 0 0 159 252 252 203 204 252 252 201 20 0 0 0 0 0 0 0 0 0 0 0 0 0 0 0 0 0 0 0 17 191 252 252 253 252 190 72 0 0 0 0 0 0 0 0 0 0 0 0 0 0 0 0 0 0 0 0 0 98 252 252 253 195 12 0 0 0 0 0 0 0 0 0 0 0 0 0 0 0 0 0 0 0 0 0 104 253 253 253 255 146 0 0 0 0 0 0 0 0 0 0 0 0 0 0 0 0 0 0 0 0 0 80 206 252 252 252 253 247 25 0 0 0 0 0 0 0 0 0 0 0 0 0 0 0 0 0 0 0 61 245 252 242 82 97 253 252 145 0 0 0 0 0 0 0 0 0 0 0 0 0 0 0 0 0 0 0 110 252 252 183 0 0 140 252 188 13 0 0 0 0 0 0 0 0 0 0 0 0 0 0 0 0 0 64 241 252 115 20 0 0 25 242 252 75 0 0 0 0 0 0 0 0 0 0 0 0 0 0 0 0 0 178 252 252 79 0 0 0 0 240 252 231 39 0 0 0 0 0 0 0 0 0 0 0 0 0 0 0 0 192 252 252 176 36 0 0 0 240 252 252 53 0 0 0 0 0 0 0 0 0 0 0 0 0 0 0 0 30 205 252 252 242 160 160 161 247 252 252 53 0 0 0 0 0 0 0 0 0 0 0 0 0 0 0 0 0 28 133 238 247 252 252 253 252 252 248 50 0 0 0 0 0 0 0 0 0 0 0 0 0 0 0 0 0 0 0 0 76 126 252 253 252 202 82 0 0 0 0 0 0 0 0 0 0 0 0 0 0 0 0 0 0 0 0 0 0 0 0 0 0 0 0 0 0 0 0 0 0 0 0 0 0 0 0 0 0 0 0 0 0 0 0 0 0 0 0 0 0 0 0 0 0 0 0 0 0 0 0 0 0 0 0 0 0 0 0 0 0 0 0 0 0 0 0 0 0 0 0 0 0 0 0 0 0 0 0 0 
0 0 0 0 0 0 0 0 0 0 0 0 0 0 0 0 0 0 0 0 0 0 0 0 0 0 0 0 0 0 0 0 0 0 0 0 0 0 0 0 0 0 0 0 0 0 0 0 0 0 0 0 0 0 0 0 0 0 0 0 0 0 0 0 0 0 0 0 0 0 0 0 0 0 0 0 0 0 0 0 0 0 0 0 0 0 0 0 0 0 0 0 0 0 0 0 0 0 0 0 0 0 0 0 0 0 0 0 0 0 0 0 0 0 0 0 0 0 0 0 0 0 0 0 0 0 0 0 0 0 0 0 0 0 0 0 0 0 0 0 0 0 0 0 0 0 0 0 0 0 0 0 0 0 0 0 0 0 0 0 0 0 0 0 0 0 0 0 0 0 0 0 0 0 0 0 0 0 0 4 29 117 241 255 253 253 253 179 10 0 13 154 253 128 4 0 0 0 0 0 0 0 0 0 0 0 51 179 252 252 252 253 252 252 252 253 196 82 94 253 252 252 153 0 0 0 0 0 0 0 0 0 0 67 234 253 252 252 214 168 93 56 56 253 252 252 252 253 252 224 94 0 0 0 0 0 0 0 0 0 0 147 252 253 227 103 15 0 0 38 113 253 252 252 252 241 139 94 0 0 0 0 0 0 0 0 0 0 0 198 253 255 203 7 0 41 166 253 253 254 253 231 125 0 0 0 0 0 0 0 0 0 0 0 0 0 0 66 234 253 252 149 107 253 252 252 252 247 196 43 0 0 0 0 0 0 0 0 0 0 0 0 0 0 0 0 137 253 252 252 252 253 252 252 177 50 0 0 0 0 0 0 0 0 0 0 0 0 0 0 0 0 0 0 63 253 252 252 252 241 139 103 3 0 0 0 0 0 0 0 0 0 0 0 0 0 0 0 0 0 0 111 241 254 253 253 190 51 0 0 0 0 0 0 0 0 0 0 0 0 0 0 0 0 0 0 0 7 82 234 252 253 252 252 139 0 0 0 0 0 0 0 0 0 0 0 0 0 0 0 0 0 0 0 0 7 187 252 252 168 224 252 228 0 0 0 0 0 0 0 0 0 0 0 0 0 0 0 0 0 0 0 0 26 243 252 252 0 169 252 252 151 0 0 0 0 0 0 0 0 0 0 0 0 0 0 0 0 0 0 0 104 253 253 128 4 179 253 253 239 38 0 0 0 0 0 0 0 0 0 0 0 0 0 0 0 0 0 0 253 252 252 28 29 252 252 252 225 0 0 0 0 0 0 0 0 0 0 0 0 0 0 0 0 0 0 0 216 252 252 116 29 252 252 252 187 0 0 0 0 0 0 0 0 0 0 0 0 0 0 0 0 0 0 0 79 215 252 240 128 252 252 252 163 0 0 0 0 0 0 0 0 0 0 0 0 0 0 0 0 0 0 0 13 207 253 253 254 253 253 241 0 0 0 0 0 0 0 0 0 0 0 0 0 0 0 0 0 0 0 0 0 56 215 252 253 252 252 165 0 0 0 0 0 0 0 0 0 0 0 0 0 0 0 0 0 0 0 0 0 0 159 252 253 252 148 6 0 0 0 0 0 0 0 0 0 0 0 0 0 0 0 0 0 0 0 0 0 0 10 128 140 115 6 0 0 0 0 0 0 0 0 0 0 0 0 0 0 0 0 0 0 0 0 0 0 0 0 0 0 0 0 0 0 0 0 0 0 0 0 0 0 0 0 0 0 0 0 0 0 0 0 0 0 0 0 0 0 0 0 0 0 0 0 0 0 0 0 0 0 0 0 0 0 
0 0 0 0 0 0 0 0 0 0 0 0 0 0 0 0 0 0 0 0 0 0 0 0 0 0 0 0 0 0 0 0 0 0 0 0 0 0 0 0 0 0 0 0 0 0 0 0 0 0 0 0 0 0 0 0 0 0 0 0 0 0 0 0 0 0 0 0 0 0 0 0 0 0 0 0 0 0 0 0 0 0 0 0 0 0 0 0 0 0 0 0 0 0 0 0 0 0 0 0 0 0 0 0 0 0 0 0 0 0 0 0 0 0 0 0 0 0 0 0 0 0 0 0 0 0 0 0 0 0 0 0 0 0 0 0 0 0 0 0 0 0 0 0 0 0 0 0 0 0 0 0 0 0 10 59 156 239 254 254 254 255 246 109 0 0 0 0 0 0 0 0 0 0 0 0 0 0 0 0 17 147 220 253 254 253 253 253 245 254 253 129 0 0 0 0 0 0 0 0 0 0 0 0 0 0 31 138 211 253 253 253 254 216 144 78 48 101 92 24 0 0 0 0 0 0 0 0 0 0 0 0 0 22 181 254 253 253 216 138 57 10 0 0 0 0 31 0 0 0 0 0 0 0 0 0 0 0 0 0 0 115 253 254 245 126 5 0 0 0 0 0 0 121 239 135 0 0 0 0 0 0 0 0 0 0 0 0 0 115 254 255 246 71 0 0 0 0 0 85 254 255 249 60 0 0 0 0 0 0 0 0 0 0 0 0 0 6 114 254 253 241 69 0 0 10 118 250 253 249 65 0 0 0 0 0 0 0 0 0 0 0 0 0 0 0 0 119 253 253 241 101 138 211 253 253 222 60 0 0 0 0 0 0 0 0 0 0 0 0 0 0 0 0 0 5 149 253 253 253 254 253 240 198 34 0 0 0 0 0 0 0 0 0 0 0 0 0 0 0 0 0 0 0 58 253 253 253 254 207 70 0 0 0 0 0 0 0 0 0 0 0 0 0 0 0 0 0 0 0 0 59 239 254 254 254 255 39 0 0 0 0 0 0 0 0 0 0 0 0 0 0 0 0 0 0 0 4 95 239 253 247 236 253 254 122 0 0 0 0 0 0 0 0 0 0 0 0 0 0 0 0 0 0 0 107 253 254 247 84 40 253 254 135 0 0 0 0 0 0 0 0 0 0 0 0 0 0 0 0 0 0 58 237 253 207 32 0 24 230 254 135 0 0 0 0 0 0 0 0 0 0 0 0 0 0 0 0 0 0 175 253 253 60 0 0 152 253 254 135 0 0 0 0 0 0 0 0 0 0 0 0 0 0 0 0 0 20 254 254 155 0 0 49 246 254 241 68 0 0 0 0 0 0 0 0 0 0 0 0 0 0 0 0 0 20 253 253 162 13 73 226 253 253 105 0 0 0 0 0 0 0 0 0 0 0 0 0 0 0 0 0 0 14 229 253 253 224 253 253 253 185 0 0 0 0 0 0 0 0 0 0 0 0 0 0 0 0 0 0 0 0 81 227 253 254 253 253 201 34 0 0 0 0 0 0 0 0 0 0 0 0 0 0 0 0 0 0 0 0 0 47 155 216 245 126 5 0 0 0 0 0 0 0 0 0 0 0 0 0 0 0 0 0 0 0 0 0 0 0 0 0 0 0 0 0 0 0 0 0 0 0 0 0 0 0 0 0 0 0 0 0 0 0 0 0 0 0 0 0 0 0 0 0 0 0 0 0 0 0 0 0 0 0 0 0 0 0 0 0 0 0 0 0 0 0 0 0 0 0 0 0 0 0 0 0 0 0 0 0 0 0 0 0 
0 0 0 0 0 0 0 0 0 0 0 0 0 0 0 0 0 0 0 0 0 0 0 0 0 0 0 0 0 0 0 0 0 0 0 0 0 0 0 0 0 0 0 0 0 0 0 0 0 0 0 0 0 0 0 0 0 0 0 0 0 0 0 0 0 0 0 0 0 0 0 0 0 0 0 0 0 0 0 0 0 0 0 0 0 0 0 0 0 0 0 0 0 0 0 0 0 0 0 0 0 0 0 0 0 0 0 0 0 0 0 0 0 0 0 0 0 0 0 0 0 0 0 3 24 108 180 253 76 19 0 0 0 0 0 0 0 0 0 0 0 0 0 0 0 0 0 0 0 0 0 45 252 252 235 206 207 117 0 0 43 22 0 0 0 0 0 0 0 0 0 0 0 0 0 0 0 0 0 170 252 170 44 0 0 0 0 68 246 199 0 0 0 0 0 0 0 0 0 0 0 0 0 0 0 0 0 159 252 111 0 0 0 0 26 203 252 188 0 0 0 0 0 0 0 0 0 0 0 0 0 0 0 0 0 34 252 246 146 0 0 74 205 252 252 63 0 0 0 0 0 0 0 0 0 0 0 0 0 0 0 0 0 0 95 247 253 201 34 212 253 234 21 0 0 0 0 0 0 0 0 0 0 0 0 0 0 0 0 0 0 0 0 67 202 252 253 244 123 17 0 0 0 0 0 0 0 0 0 0 0 0 0 0 0 0 0 0 0 0 0 0 93 252 253 206 0 0 0 0 0 0 0 0 0 0 0 0 0 0 0 0 0 0 0 0 0 0 0 100 224 252 253 206 0 0 0 0 0 0 0 0 0 0 0 0 0 0 0 0 0 0 0 0 0 0 22 215 252 95 253 248 63 0 0 0 0 0 0 0 0 0 0 0 0 0 0 0 0 0 0 0 0 13 212 247 94 0 255 253 131 0 0 0 0 0 0 0 0 0 0 0 0 0 0 0 0 0 0 0 0 118 252 110 0 0 253 252 183 0 0 0 0 0 0 0 0 0 0 0 0 0 0 0 0 0 0 0 85 253 240 50 0 0 253 252 183 0 0 0 0 0 0 0 0 0 0 0 0 0 0 0 0 0 0 0 157 245 79 0 0 0 253 252 89 0 0 0 0 0 0 0 0 0 0 0 0 0 0 0 0 0 0 85 250 230 0 0 0 106 253 210 6 0 0 0 0 0 0 0 0 0 0 0 0 0 0 0 0 0 0 51 243 244 50 0 9 233 255 144 0 0 0 0 0 0 0 0 0 0 0 0 0 0 0 0 0 0 0 93 252 243 50 66 194 252 218 33 0 0 0 0 0 0 0 0 0 0 0 0 0 0 0 0 0 0 0 25 236 253 209 234 252 252 84 0 0 0 0 0 0 0 0 0 0 0 0 0 0 0 0 0 0 0 0 0 188 253 252 252 218 56 0 0 0 0 0 0 0 0 0 0 0 0 0 0 0 0 0 0 0 0 0 0 63 253 178 106 14 0 0 0 0 0 0 0 0 0 0 0 0 0 0 0 0 0 0 0 0 0 0 0 0 0 0 0 0 0 0 0 0 0 0 0 0 0 0 0 0 0 0 0 0 0 0 0 0 0 0 0 0 0 0 0 0 0 0 0 0 0 0 0 0 0 0 0 0 0 0 0 0 0 0 0 0 0 0 0 0 0 0 0 0 0 0 0 0 0 0 0 0 0 0 0 0 0 0 0 0 0 0 0 0 0 0 0 0 0 0 0 0 0 0 0 0 0 0 0 0 0 0 0 0 0 
0 0 0 0 0 0 0 0 0 0 0 0 0 0 0 0 0 0 0 0 0 0 0 0 0 0 0 0 0 0 0 0 0 0 0 0 0 0 0 0 0 0 0 0 0 0 0 0 0 0 0 0 0 0 0 0 0 0 0 0 0 0 0 0 0 0 0 0 0 0 0 0 0 0 0 0 0 0 0 0 0 0 0 0 0 0 0 0 0 0 0 0 0 0 0 0 0 0 0 0 0 0 0 0 0 0 0 0 0 0 0 0 0 0 0 0 0 0 0 0 0 0 0 0 0 0 0 0 0 0 0 0 0 0 0 0 0 0 0 0 0 0 0 0 0 0 0 0 0 0 0 0 0 0 0 38 208 255 254 254 152 16 0 0 0 0 0 0 0 0 0 0 0 0 0 0 0 0 0 0 0 81 197 242 253 253 253 253 253 215 197 111 0 0 0 0 0 0 0 0 0 0 0 0 0 0 0 67 208 252 253 253 215 114 127 217 250 253 253 196 0 0 0 0 0 0 0 0 0 0 0 0 0 0 0 196 253 253 253 146 29 0 0 26 237 253 253 162 0 0 0 0 0 0 0 0 0 0 0 0 0 0 110 251 253 251 60 4 0 10 95 240 253 253 180 8 0 0 0 0 0 0 0 0 0 0 0 0 0 0 73 253 253 248 0 0 59 203 253 253 253 176 11 0 0 0 0 0 0 0 0 0 0 0 0 0 0 0 39 239 253 249 10 99 239 253 253 242 135 10 0 0 0 0 0 0 0 0 0 0 0 0 0 0 0 0 0 198 253 253 218 253 253 253 207 25 0 0 0 0 0 0 0 0 0 0 0 0 0 0 0 0 0 0 0 118 253 253 253 253 250 133 19 0 0 0 0 0 0 0 0 0 0 0 0 0 0 0 0 0 0 0 0 80 253 253 253 253 45 0 0 0 0 0 0 0 0 0 0 0 0 0 0 0 0 19 22 0 0 0 29 214 253 253 253 213 3 0 0 0 0 0 0 0 0 0 0 0 0 0 0 0 0 1 1 0 0 75 219 253 253 253 253 253 5 0 0 0 0 0 0 0 0 0 0 0 0 0 0 0 0 0 0 0 30 215 253 248 187 253 253 253 5 0 0 0 0 0 0 0 0 0 0 0 0 0 0 0 0 0 0 0 138 253 253 85 4 215 253 253 103 0 0 0 0 0 0 0 0 0 0 0 0 0 0 0 0 0 0 27 235 253 201 9 0 181 253 253 109 0 0 0 0 0 0 0 0 0 0 0 0 0 0 0 0 0 0 37 253 253 187 3 0 118 253 253 109 0 0 0 0 0 0 0 0 0 0 0 0 0 0 0 0 0 0 12 208 253 253 128 70 240 253 253 81 0 0 0 0 0 0 0 0 0 0 0 0 0 0 0 0 0 0 0 137 253 253 251 241 253 253 205 3 0 0 0 0 0 0 0 0 0 0 0 0 0 0 0 0 0 0 0 0 210 253 253 253 253 242 40 0 0 0 0 0 0 0 0 0 0 0 0 0 0 0 0 0 0 0 0 0 24 119 241 253 164 37 0 0 0 0 0 0 0 0 0 0 0 0 0 0 0 0 0 0 0 0 0 0 0 0 0 0 0 0 0 0 0 0 0 0 0 0 0 0 0 0 0 0 0 0 0 0 0 0 0 0 0 0 0 0 0 0 0 0 0 0 0 0 0 0 0 0 0 0 0 0 0 0 0 0 0 0 0 0 0 0 0 0 0 0 0 0 0 0 0 0 0 0 0 0 0 0 0 
0 0 0 0 0 0 0 0 0 0 0 0 0 0 0 0 0 0 0 0 0 0 0 0 0 0 0 0 0 0 0 0 0 0 0 0 0 0 0 0 0 0 0 0 0 0 0 0 0 0 0 0 0 0 0 0 0 0 0 0 0 0 0 0 0 0 0 0 0 0 0 0 0 0 0 0 0 0 0 0 0 0 0 0 0 0 0 0 0 0 0 0 0 0 0 0 0 0 0 0 0 0 0 0 0 0 0 0 0 0 0 0 0 0 0 0 0 0 0 0 0 0 0 0 3 18 18 63 137 192 124 15 0 0 0 0 0 0 0 0 0 0 0 0 0 0 0 0 0 0 18 103 171 254 254 254 239 219 219 194 0 0 0 0 0 0 0 0 0 0 0 0 0 0 0 16 96 172 213 254 221 201 165 83 46 0 0 39 0 0 0 0 0 0 0 0 0 0 0 0 0 11 97 208 254 254 186 117 24 0 0 0 0 0 0 0 0 0 0 0 0 0 0 0 0 0 0 0 0 78 254 254 223 60 2 0 0 0 0 0 0 0 0 0 0 0 0 0 0 0 0 0 0 0 0 0 16 243 254 141 19 0 0 0 0 0 0 0 98 218 162 88 0 0 0 0 0 0 0 0 0 0 0 0 18 254 203 3 0 0 0 0 0 2 43 169 251 249 249 247 177 0 0 0 0 0 0 0 0 0 0 0 17 245 231 37 0 0 0 0 4 133 254 201 63 0 0 0 0 0 0 0 0 0 0 0 0 0 0 0 0 80 254 151 8 0 0 0 42 254 242 78 0 0 0 0 0 0 0 0 0 0 0 0 0 0 0 0 0 11 197 254 192 73 31 6 147 241 81 0 0 0 0 0 0 0 0 0 0 0 0 0 0 0 0 0 0 0 65 199 254 254 226 202 254 213 18 0 0 0 0 0 0 0 0 0 0 0 0 0 0 0 0 0 0 0 0 12 41 146 250 254 254 255 223 214 214 94 0 0 0 0 0 0 0 0 0 0 0 0 0 0 0 0 0 0 0 0 244 254 183 141 176 254 254 253 232 154 32 0 0 0 0 0 0 0 0 0 0 0 0 0 0 0 0 0 244 231 2 0 2 5 5 182 244 254 220 93 2 0 0 0 0 0 0 0 0 0 0 0 0 0 0 13 245 231 0 0 0 0 0 0 13 184 246 254 116 2 0 0 0 0 0 0 0 0 0 0 0 0 0 108 254 231 0 0 0 0 0 0 0 0 162 254 254 17 0 0 0 0 0 0 0 0 0 0 0 0 0 30 216 248 99 0 0 0 0 0 0 0 66 254 254 17 0 0 0 0 0 0 0 0 0 0 0 0 0 0 87 254 246 174 84 14 0 82 84 161 216 254 254 17 0 0 0 0 0 0 0 0 0 0 0 0 0 0 1 111 254 254 254 225 220 254 254 254 254 174 107 3 0 0 0 0 0 0 0 0 0 0 0 0 0 0 0 2 37 135 172 254 202 135 122 17 17 4 0 0 0 0 0 0 0 0 0 0 0 0 0 0 0 0 0 0 0 0 0 0 0 0 0 0 0 0 0 0 0 0 0 0 0 0 0 0 0 0 0 0 0 0 0 0 0 0 0 0 0 0 0 0 0 0 0 0 0 0 0 0 0 0 0 0 0 0 0 0 0 0 0 0 0 0 0 0 0 0 0 0 0 0 0 0 0 0 0 0 0 0 0 0 0 0 0 0 0 0 0 0 0 0 0 0 0 0 0 0 0 0 0 0 0 0 0 0 
0 0 0 0 0 0 0 0 0 0 0 0 0 0 0 0 0 0 0 0 0 0 0 0 0 0 0 0 0 0 0 0 0 0 0 0 0 0 0 0 0 0 0 0 0 0 0 0 0 0 0 0 0 0 0 0 0 0 0 0 0 0 0 0 0 0 0 0 0 0 0 0 0 0 0 0 0 0 0 0 0 0 0 0 0 0 0 0 0 0 0 0 0 0 0 0 0 0 0 0 0 0 0 0 0 0 0 0 0 0 0 0 0 0 0 0 0 0 0 0 0 0 0 0 0 0 71 228 255 182 11 0 0 0 0 0 0 0 0 0 0 0 0 0 0 0 0 0 0 0 0 0 0 60 224 181 109 223 88 0 0 0 0 0 0 0 0 0 0 0 0 0 0 0 0 0 0 0 0 0 170 217 55 11 0 145 127 0 0 0 0 0 0 0 0 0 0 0 0 0 0 0 0 0 0 0 0 38 243 88 0 0 0 145 127 0 0 0 0 0 0 0 0 0 0 0 0 0 0 0 0 0 0 0 0 228 233 23 0 0 0 145 127 0 33 33 0 0 0 0 0 0 0 0 0 0 0 0 0 0 0 0 0 255 140 0 0 0 0 53 46 0 124 228 12 0 0 0 0 0 0 0 0 0 0 0 0 0 0 0 33 254 160 0 0 0 0 0 0 82 216 238 47 0 0 0 0 0 0 0 0 0 0 0 0 0 0 0 0 195 245 44 0 0 0 0 123 245 207 26 0 0 0 0 0 0 0 0 0 0 0 0 0 0 0 0 0 16 239 213 24 0 38 160 245 193 35 0 0 0 0 0 0 0 0 0 0 0 0 0 0 0 0 0 0 0 87 240 151 33 228 253 129 16 0 0 0 0 0 0 0 0 0 0 0 0 0 0 0 0 0 0 0 0 0 102 254 254 182 39 0 0 0 0 0 0 0 0 0 0 0 0 0 0 0 0 0 0 0 0 0 0 32 180 253 253 59 0 0 0 0 0 0 0 0 0 0 0 0 0 0 0 0 0 0 0 0 0 0 37 231 143 62 217 179 3 0 0 0 0 0 0 0 0 0 0 0 0 0 0 0 0 0 0 0 0 0 150 216 21 0 78 248 17 0 0 0 0 0 0 0 0 0 0 0 0 0 0 0 0 0 0 0 0 98 254 18 0 0 155 207 7 0 0 0 0 0 0 0 0 0 0 0 0 0 0 0 0 0 0 0 19 254 156 0 0 0 182 208 7 0 0 0 0 0 0 0 0 0 0 0 0 0 0 0 0 0 0 0 103 253 39 0 0 4 196 161 0 0 0 0 0 0 0 0 0 0 0 0 0 0 0 0 0 0 0 0 154 240 0 0 0 141 253 91 0 0 0 0 0 0 0 0 0 0 0 0 0 0 0 0 0 0 0 0 88 222 110 109 186 241 240 52 0 0 0 0 0 0 0 0 0 0 0 0 0 0 0 0 0 0 0 0 0 26 130 247 253 175 21 0 0 0 0 0 0 0 0 0 0 0 0 0 0 0 0 0 0 0 0 0 0 0 0 0 0 0 0 0 0 0 0 0 0 0 0 0 0 0 0 0 0 0 0 0 0 0 0 0 0 0 0 0 0 0 0 0 0 0 0 0 0 0 0 0 0 0 0 0 0 0 0 0 0 0 0 0 0 0 0 0 0 0 0 0 0 0 0 0 0 0 0 0 0 0 0 0 0 0 0 0 0 0 0 0 0 0 0 0 0 0 0 0 0 0 0 0 0 0 0 0 0 0 0 
0 0 0 0 0 0 0 0 0 0 0 0 0 0 0 0 0 0 0 0 0 0 0 0 0 0 0 0 0 0 0 0 0 0 0 0 0 0 0 0 0 0 0 0 0 0 0 0 0 0 0 0 0 0 0 0 0 0 0 0 0 0 0 0 0 0 0 0 0 0 0 0 0 0 0 0 0 0 0 0 0 0 0 0 0 0 0 0 0 0 0 0 0 0 0 0 0 0 0 0 0 0 0 0 0 0 0 0 0 0 0 0 0 0 0 0 0 0 0 0 0 0 0 0 0 0 0 0 0 0 0 0 0 0 0 0 0 0 0 0 0 0 0 0 0 0 0 0 0 0 0 0 0 0 0 38 149 230 243 151 101 35 0 0 0 0 0 0 0 0 0 0 0 0 0 0 0 0 0 0 0 5 198 243 254 254 254 254 254 239 67 0 0 0 0 0 0 0 0 0 0 0 0 0 0 0 0 0 0 163 254 254 249 246 254 254 255 254 140 0 0 0 0 0 0 0 0 0 0 0 0 0 0 0 0 0 47 244 254 254 102 150 254 254 254 232 95 0 0 0 0 0 0 0 0 0 0 0 0 0 0 0 0 0 63 254 254 254 149 250 254 254 233 49 0 0 0 0 0 0 0 0 0 0 0 0 0 0 0 0 0 0 45 243 254 254 254 254 254 232 50 0 0 0 0 0 0 0 0 0 0 0 0 0 0 0 0 0 0 0 0 207 254 254 254 249 170 21 0 0 0 0 0 0 0 0 0 0 0 0 0 0 0 0 0 0 0 0 16 188 254 254 254 140 0 0 0 0 0 0 0 0 0 0 0 0 0 0 0 0 0 0 0 0 0 3 110 254 254 254 237 37 0 0 0 0 0 0 0 0 0 0 0 0 0 0 0 0 0 0 0 0 0 141 254 254 254 254 254 62 0 0 0 0 0 0 0 0 0 0 0 0 0 0 0 0 0 0 0 0 141 248 254 254 254 254 254 62 0 0 0 0 0 0 0 0 0 0 0 0 0 0 0 0 0 0 0 50 222 254 244 86 254 254 254 62 0 0 0 0 0 0 0 0 0 0 0 0 0 0 0 0 0 0 30 242 254 254 114 6 254 254 254 62 0 0 0 0 0 0 0 0 0 0 0 0 0 0 0 0 0 5 147 254 254 171 6 6 254 254 254 62 0 0 0 0 0 0 0 0 0 0 0 0 0 0 0 0 0 37 254 254 232 21 0 81 254 254 225 18 0 0 0 0 0 0 0 0 0 0 0 0 0 0 0 0 0 123 254 254 173 0 31 224 254 254 161 0 0 0 0 0 0 0 0 0 0 0 0 0 0 0 0 0 0 108 254 254 106 33 156 254 254 254 39 0 0 0 0 0 0 0 0 0 0 0 0 0 0 0 0 0 0 94 254 254 244 236 254 254 252 121 1 0 0 0 0 0 0 0 0 0 0 0 0 0 0 0 0 0 0 29 239 254 254 254 254 230 115 0 0 0 0 0 0 0 0 0 0 0 0 0 0 0 0 0 0 0 0 0 34 142 223 205 82 27 0 0 0 0 0 0 0 0 0 0 0 0 0 0 0 0 0 0 0 0 0 0 0 0 0 0 0 0 0 0 0 0 0 0 0 0 0 0 0 0 0 0 0 0 0 0 0 0 0 0 0 0 0 0 0 0 0 0 0 0 0 0 0 0 0 0 0 0 0 0 0 0 0 0 0 0 0 0 0 0 0 0 0 0 0 0 0 0 0 0 0 0 0 0 0 0 0 0 
0 0 0 0 0 0 0 0 0 0 0 0 0 0 0 0 0 0 0 0 0 0 0 0 0 0 0 0 0 0 0 0 0 0 0 0 0 0 0 0 0 0 0 0 0 0 0 0 0 0 0 0 0 0 0 0 0 0 0 0 0 0 0 0 0 0 0 0 0 0 0 0 0 0 0 0 0 0 0 0 0 0 0 0 0 0 0 0 0 0 0 0 0 0 0 0 0 0 0 0 0 0 0 0 0 0 0 0 0 0 0 0 0 0 0 0 0 0 0 0 0 0 0 0 0 0 0 0 0 0 0 0 0 0 0 0 0 0 0 0 0 0 0 0 0 0 0 0 0 0 0 0 0 0 0 74 165 198 254 255 236 50 0 0 0 0 0 0 0 0 0 0 0 0 0 0 0 0 0 0 0 111 199 251 254 254 254 254 254 177 0 0 0 0 0 0 0 0 0 0 0 0 0 0 0 0 0 17 194 252 254 254 215 140 88 63 246 182 0 0 0 0 0 0 0 0 0 0 0 0 0 0 0 0 18 199 254 254 219 87 9 0 0 35 199 247 85 0 0 0 0 0 0 0 0 0 0 0 0 0 0 2 175 254 247 159 25 0 0 0 0 38 223 254 129 0 0 0 0 0 0 0 0 0 0 0 0 0 0 26 254 254 117 0 0 0 0 4 98 228 254 235 30 0 0 0 0 0 0 0 0 0 0 0 0 0 0 82 254 254 94 0 0 0 36 179 254 254 236 52 0 0 0 0 0 0 0 0 0 0 0 0 0 0 0 17 235 254 119 0 13 126 252 254 254 161 11 0 0 0 0 0 0 0 0 0 0 0 0 0 0 0 0 0 116 254 249 153 229 254 254 179 79 1 0 0 0 0 0 0 0 0 0 0 0 0 0 0 0 0 0 0 2 168 254 254 254 232 103 9 0 0 0 0 0 0 0 0 0 0 0 0 0 0 0 0 0 0 0 0 27 196 254 254 254 91 0 0 0 0 0 0 0 0 0 0 0 0 0 0 0 0 0 0 0 0 0 23 215 254 217 202 254 153 5 0 0 0 0 0 0 0 0 0 0 0 0 0 0 0 0 0 0 0 15 220 254 221 28 17 232 254 91 0 0 0 0 0 0 0 0 0 0 0 0 0 0 0 0 0 0 0 185 254 251 55 0 0 223 254 146 0 0 0 0 0 0 0 0 0 0 0 0 0 0 0 0 0 0 31 238 248 55 0 0 60 242 254 146 0 0 0 0 0 0 0 0 0 0 0 0 0 0 0 0 0 0 81 254 231 0 0 0 166 254 254 97 0 0 0 0 0 0 0 0 0 0 0 0 0 0 0 0 0 0 50 254 235 11 0 51 245 254 181 8 0 0 0 0 0 0 0 0 0 0 0 0 0 0 0 0 0 0 45 249 254 149 57 203 254 249 88 0 0 0 0 0 0 0 0 0 0 0 0 0 0 0 0 0 0 0 0 173 254 254 254 254 246 104 0 0 0 0 0 0 0 0 0 0 0 0 0 0 0 0 0 0 0 0 0 11 153 254 254 228 69 0 0 0 0 0 0 0 0 0 0 0 0 0 0 0 0 0 0 0 0 0 0 0 0 0 0 0 0 0 0 0 0 0 0 0 0 0 0 0 0 0 0 0 0 0 0 0 0 0 0 0 0 0 0 0 0 0 0 0 0 0 0 0 0 0 0 0 0 0 0 0 0 0 0 0 0 0 0 0 0 0 0 0 0 0 0 0 0 0 0 0 0 0 0 0 0 0 0 
0 0 0 0 0 0 0 0 0 0 0 0 0 0 0 0 0 0 0 0 0 0 0 0 0 0 0 0 0 0 0 0 0 0 0 0 0 0 0 0 0 0 0 0 0 0 0 0 0 0 0 0 0 0 0 0 0 0 0 0 0 0 0 0 0 0 0 0 0 0 0 0 0 0 0 0 0 0 0 0 0 0 0 0 0 0 0 0 0 0 0 0 0 0 0 0 0 0 0 0 0 0 0 0 0 0 0 0 0 0 0 0 0 0 0 0 0 0 0 0 0 0 0 0 0 0 0 0 0 0 0 0 0 0 0 0 0 0 0 0 0 0 0 0 0 0 0 0 0 0 0 0 0 31 134 214 255 254 218 138 14 0 0 0 0 0 0 0 0 0 0 0 0 0 0 0 0 0 0 27 185 234 253 253 253 253 253 253 181 10 0 0 0 0 0 0 0 0 0 0 0 0 0 0 0 0 4 184 253 253 253 231 217 217 230 253 253 25 25 35 0 0 0 0 0 0 0 0 0 0 0 0 0 0 103 253 253 233 126 26 0 0 89 253 253 25 171 251 145 0 0 0 0 0 0 0 0 0 0 0 0 0 226 253 253 96 0 0 0 0 80 252 253 236 247 253 196 0 0 0 0 0 0 0 0 0 0 0 0 0 234 253 253 88 0 0 0 0 92 249 253 253 253 221 98 0 0 0 0 0 0 0 0 0 0 0 0 0 94 253 253 182 3 4 16 177 246 253 253 231 107 17 0 0 0 0 0 0 0 0 0 0 0 0 0 0 9 203 253 253 137 184 253 253 253 220 117 9 0 0 0 0 0 0 0 0 0 0 0 0 0 0 0 0 0 89 253 253 253 253 253 250 133 19 0 0 0 0 0 0 0 0 0 0 0 0 0 0 0 0 0 0 0 67 242 253 253 253 171 42 0 0 0 0 0 0 0 0 0 0 0 0 0 0 0 0 0 0 0 0 62 238 253 253 253 253 51 0 0 0 0 0 0 0 0 0 0 0 0 0 0 0 0 0 0 0 6 76 243 253 251 222 253 253 127 1 0 0 0 0 0 0 0 0 0 0 0 0 0 0 0 0 0 33 154 253 253 192 71 63 253 253 253 5 0 0 0 0 0 0 0 0 0 0 0 0 0 0 0 0 6 156 253 253 240 36 0 4 215 253 253 5 0 0 0 0 0 0 0 0 0 0 0 0 0 0 0 0 47 253 253 253 79 0 0 0 181 253 253 5 0 0 0 0 0 0 0 0 0 0 0 0 0 0 0 0 47 253 250 123 2 0 0 31 223 253 253 5 0 0 0 0 0 0 0 0 0 0 0 0 0 0 0 0 47 253 242 73 0 0 32 156 253 253 227 4 0 0 0 0 0 0 0 0 0 0 0 0 0 0 0 0 45 251 253 242 207 187 235 253 253 253 66 0 0 0 0 0 0 0 0 0 0 0 0 0 0 0 0 0 0 131 253 253 253 253 253 253 252 175 19 0 0 0 0 0 0 0 0 0 0 0 0 0 0 0 0 0 0 17 104 184 253 253 204 125 45 0 0 0 0 0 0 0 0 0 0 0 0 0 0 0 0 0 0 0 0 0 0 0 0 0 0 0 0 0 0 0 0 0 0 0 0 0 0 0 0 0 0 0 0 0 0 0 0 0 0 0 0 0 0 0 0 0 0 0 0 0 0 0 0 0 0 0 0 0 0 0 0 0 0 0 0 0 0 0 0 0 0 0 0 0 0 0 0 0 0 0 0 0 0 0 0 0 
0 0 0 0 0 0 0 0 0 0 0 0 0 0 0 0 0 0 0 0 0 0 0 0 0 0 0 0 0 0 0 0 0 0 0 0 0 0 0 0 0 0 0 0 0 0 0 0 0 0 0 0 0 0 0 0 0 0 0 0 0 0 0 0 0 0 0 0 0 0 0 0 0 0 0 0 0 0 0 0 0 0 0 0 0 0 0 0 0 0 0 0 0 0 0 0 0 0 0 0 0 0 0 0 0 0 0 0 0 0 0 0 0 0 0 0 0 0 0 0 0 0 0 0 0 0 0 73 254 221 176 21 0 0 0 0 0 0 0 0 0 0 0 0 0 0 0 0 0 0 36 158 169 0 0 5 70 108 183 240 72 0 0 0 0 0 0 0 0 0 0 0 0 0 0 0 0 79 241 212 44 0 0 0 0 0 3 178 217 9 0 0 0 0 0 0 0 0 0 0 0 0 0 0 0 91 248 36 0 0 0 0 0 0 0 98 254 18 0 0 0 0 0 0 0 0 0 0 0 0 0 0 0 91 233 13 0 0 0 0 0 0 0 181 228 12 0 0 0 0 0 0 0 0 0 0 0 0 0 0 0 92 255 44 0 0 0 0 0 0 38 228 124 0 0 0 0 0 0 0 0 0 0 0 0 0 0 0 0 39 254 128 0 0 0 0 0 8 204 233 39 0 0 0 0 0 0 0 0 0 0 0 0 0 0 0 0 0 163 206 6 0 0 0 0 159 250 75 0 0 0 0 0 0 0 0 0 0 0 0 0 0 0 0 0 0 68 251 145 0 0 0 89 243 121 0 0 0 0 0 0 0 0 0 0 0 0 0 0 0 0 0 0 0 0 170 242 39 0 53 248 151 0 0 0 0 0 0 0 0 0 0 0 0 0 0 0 0 0 0 0 0 0 40 243 203 27 255 212 26 0 0 0 0 0 0 0 0 0 0 0 0 0 0 0 0 0 0 0 0 0 0 114 251 242 238 20 0 0 0 0 0 0 0 0 0 0 0 0 0 0 0 0 0 0 0 0 0 0 0 37 253 253 58 0 0 0 0 0 0 0 0 0 0 0 0 0 0 0 0 0 0 0 0 0 0 0 4 149 253 253 40 0 0 0 0 0 0 0 0 0 0 0 0 0 0 0 0 0 0 0 0 0 0 0 87 253 188 253 155 0 0 0 0 0 0 0 0 0 0 0 0 0 0 0 0 0 0 0 0 0 0 73 254 191 14 233 255 18 0 0 0 0 0 0 0 0 0 0 0 0 0 0 0 0 0 0 0 0 53 209 182 9 0 129 254 18 0 0 0 0 0 0 0 0 0 0 0 0 0 0 0 0 0 0 0 3 179 217 22 0 0 136 254 18 0 0 0 0 0 0 0 0 0 0 0 0 0 0 0 0 0 0 0 84 253 186 15 10 32 238 222 10 0 0 0 0 0 0 0 0 0 0 0 0 0 0 0 0 0 0 0 6 169 254 237 217 253 220 52 0 0 0 0 0 0 0 0 0 0 0 0 0 0 0 0 0 0 0 0 0 0 0 0 0 0 0 0 0 0 0 0 0 0 0 0 0 0 0 0 0 0 0 0 0 0 0 0 0 0 0 0 0 0 0 0 0 0 0 0 0 0 0 0 0 0 0 0 0 0 0 0 0 0 0 0 0 0 0 0 0 0 0 0 0 0 0 0 0 0 0 0 0 0 0 0 0 0 0 0 0 0 0 0 0 0 0 0 0 0 0 0 0 0 0 0 0 0 0 0 0 0 0 0 
0 0 0 0 0 0 0 0 0 0 0 0 0 0 0 0 0 0 0 0 0 0 0 0 0 0 0 0 0 0 0 0 0 0 0 0 0 0 0 0 0 0 0 0 0 0 0 0 0 0 0 0 0 0 0 0 0 0 0 0 0 0 0 0 0 0 0 0 0 0 0 0 0 0 0 0 0 0 0 0 0 0 0 0 0 0 0 0 0 0 0 0 0 0 0 0 0 0 0 0 0 0 0 0 0 0 0 0 0 0 0 0 0 0 0 0 0 0 0 0 0 0 0 0 0 0 0 0 0 0 0 0 0 0 0 0 0 0 0 0 0 0 0 0 0 0 0 0 0 0 0 0 0 0 0 2 118 160 255 166 124 5 0 0 0 0 0 0 0 0 0 0 0 0 0 0 0 0 0 0 0 8 167 210 254 253 253 254 253 102 0 0 0 0 0 0 0 0 0 0 0 0 0 0 0 0 0 0 26 233 253 253 254 198 188 246 253 120 0 0 0 0 0 0 0 0 0 0 0 0 0 0 0 0 0 82 225 254 254 235 72 6 34 238 254 143 121 5 0 0 0 0 0 0 0 0 0 0 0 0 0 0 0 145 253 254 239 35 0 0 22 126 253 254 254 78 0 0 0 0 0 0 0 0 0 0 0 0 0 0 4 193 253 242 62 0 0 32 157 241 253 254 243 97 0 0 0 0 0 0 0 0 0 0 0 0 0 0 19 226 253 196 19 86 147 243 253 254 227 169 70 0 0 0 0 0 0 0 0 0 0 0 0 0 0 0 2 149 253 248 242 253 254 253 227 204 79 0 0 0 0 0 0 0 0 0 0 0 0 0 0 0 0 0 0 145 254 254 254 254 231 153 20 0 0 0 0 0 0 0 0 0 0 0 0 0 0 0 0 0 0 15 152 252 253 254 253 190 4 0 0 0 0 0 0 0 0 0 0 0 0 0 0 0 0 0 0 0 13 188 253 253 252 254 253 190 2 0 0 0 0 0 0 0 0 0 0 0 0 0 0 0 0 0 0 41 241 254 254 176 57 193 254 254 95 0 0 0 0 0 0 0 0 0 0 0 0 0 0 0 0 0 9 224 254 249 98 11 0 95 253 253 95 0 0 0 0 0 0 0 0 0 0 0 0 0 0 0 0 0 66 253 248 91 0 0 0 123 253 252 69 0 0 0 0 0 0 0 0 0 0 0 0 0 0 0 0 0 160 254 194 0 0 0 16 178 254 251 47 0 0 0 0 0 0 0 0 0 0 0 0 0 0 0 0 0 71 253 241 32 0 0 60 236 253 220 65 0 0 0 0 0 0 0 0 0 0 0 0 0 0 0 0 0 56 241 252 175 18 0 193 254 254 135 0 0 0 0 0 0 0 0 0 0 0 0 0 0 0 0 0 0 0 129 254 254 170 124 250 254 236 32 0 0 0 0 0 0 0 0 0 0 0 0 0 0 0 0 0 0 0 28 216 254 254 254 254 216 89 0 0 0 0 0 0 0 0 0 0 0 0 0 0 0 0 0 0 0 0 0 73 222 253 253 143 54 1 0 0 0 0 0 0 0 0 0 0 0 0 0 0 0 0 0 0 0 0 0 0 0 0 0 0 0 0 0 0 0 0 0 0 0 0 0 0 0 0 0 0 0 0 0 0 0 0 0 0 0 0 0 0 0 0 0 0 0 0 0 0 0 0 0 0 0 0 0 0 0 0 0 0 0 0 0 0 0 0 0 0 0 0 0 0 0 0 0 0 0 0 0 0 0 0 0 
0 0 0 0 0 0 0 0 0 0 0 0 0 0 0 0 0 0 0 0 0 0 0 0 0 0 0 0 0 0 0 0 0 0 0 0 0 0 0 0 0 0 0 0 0 0 0 0 0 0 0 0 0 0 0 0 0 0 0 0 0 0 0 0 0 0 0 0 0 0 0 0 0 0 0 0 0 0 0 0 0 0 0 0 0 0 0 0 0 0 0 0 0 0 0 0 0 0 0 0 0 0 0 0 0 0 0 0 0 0 0 0 0 0 0 0 0 0 0 0 0 0 0 0 0 0 0 0 0 0 0 0 0 0 0 0 0 0 0 0 0 0 0 0 0 0 0 0 0 0 0 0 72 127 182 244 158 18 0 0 0 0 0 0 0 0 0 0 0 0 0 0 0 0 0 0 0 19 156 241 254 254 254 244 239 141 0 0 0 0 0 0 0 0 0 0 0 0 0 0 0 0 0 0 19 205 254 214 135 80 8 7 149 142 0 0 0 0 0 0 0 0 0 0 0 0 0 0 0 0 0 0 95 254 119 6 0 0 0 0 140 142 0 0 0 0 0 0 0 0 0 0 0 0 0 0 0 0 0 0 49 249 177 8 0 0 0 0 203 164 0 0 0 0 0 0 0 0 0 0 0 0 0 0 0 0 0 0 0 61 228 218 41 0 0 32 250 237 21 0 0 0 0 0 0 0 0 0 0 0 0 0 0 0 0 0 0 0 53 229 209 28 0 103 254 161 0 0 0 0 0 0 0 0 0 0 0 0 0 0 0 0 0 0 0 0 0 52 230 210 44 249 238 26 0 0 0 0 0 0 0 0 0 0 0 0 0 0 0 0 0 0 0 0 0 0 80 247 231 254 149 0 0 0 0 0 0 0 0 0 0 0 0 0 0 0 0 0 0 0 0 0 0 0 0 99 254 254 65 0 0 0 0 0 0 0 0 0 0 0 0 0 0 0 0 0 0 0 0 0 0 0 0 44 254 254 65 0 0 0 0 0 0 0 0 0 0 0 0 0 0 0 0 0 0 0 0 0 0 0 0 126 249 236 208 0 0 0 0 0 0 0 0 0 0 0 0 0 0 0 0 0 0 0 0 0 0 0 22 234 136 53 248 85 0 0 0 0 0 0 0 0 0 0 0 0 0 0 0 0 0 0 0 0 0 0 48 254 43 20 194 212 7 0 0 0 0 0 0 0 0 0 0 0 0 0 0 0 0 0 0 0 0 0 48 254 43 0 51 254 105 0 0 0 0 0 0 0 0 0 0 0 0 0 0 0 0 0 0 0 0 0 48 254 49 0 8 178 233 0 0 0 0 0 0 0 0 0 0 0 0 0 0 0 0 0 0 0 0 0 30 240 133 0 0 109 249 47 0 0 0 0 0 0 0 0 0 0 0 0 0 0 0 0 0 0 0 0 0 181 230 53 0 29 247 43 0 0 0 0 0 0 0 0 0 0 0 0 0 0 0 0 0 0 0 0 0 43 251 244 177 211 247 42 0 0 0 0 0 0 0 0 0 0 0 0 0 0 0 0 0 0 0 0 0 0 26 168 237 255 203 0 0 0 0 0 0 0 0 0 0 0 0 0 0 0 0 0 0 0 0 0 0 0 0 0 0 0 0 0 0 0 0 0 0 0 0 0 0 0 0 0 0 0 0 0 0 0 0 0 0 0 0 0 0 0 0 0 0 0 0 0 0 0 0 0 0 0 0 0 0 0 0 0 0 0 0 0 0 0 0 0 0 0 0 0 0 0 0 0 0 0 0 0 
0 0 0 0 0 0 0 0 0 0 0 0 0 0 0 0 0 0 0 0 0 0 0 0 0 0 0 0 0 0 0 0 0 0 0 0 0 0 0 0 0 0 0 0 0 0 0 0 0 0 0 0 0 0 0 0 0 0 0 0 0 0 0 0 0 0 0 0 0 0 0 0 0 0 0 0 0 0 0 0 0 0 0 0 0 0 0 0 0 0 0 0 0 0 0 0 0 0 0 0 0 0 0 0 0 0 0 0 0 0 0 0 0 0 0 0 0 0 0 0 0 0 0 0 0 0 0 0 0 0 0 0 0 0 0 0 0 0 0 0 0 0 0 0 0 0 0 0 0 0 0 0 0 0 41 150 165 165 225 255 204 50 0 0 0 0 0 0 0 0 0 0 0 0 0 0 0 0 0 0 18 166 248 254 254 254 254 254 254 219 12 0 0 0 0 0 0 0 0 0 0 0 0 0 0 0 0 17 201 254 254 254 254 254 254 254 254 254 128 0 0 0 0 0 0 0 0 0 0 0 0 0 0 0 5 199 254 254 254 224 212 219 254 254 254 254 181 0 0 0 0 0 0 0 0 0 0 0 0 0 0 0 57 254 254 248 106 10 16 214 254 254 254 254 156 0 0 0 0 0 0 0 0 0 0 0 0 0 0 9 213 254 254 96 0 16 195 254 254 254 254 252 70 0 0 0 0 0 0 0 0 0 0 0 0 0 0 23 254 254 254 17 0 182 254 254 254 201 88 68 0 0 0 0 0 0 0 0 0 0 0 0 0 0 0 23 254 254 254 59 197 253 254 254 231 39 0 0 0 0 0 0 0 0 0 0 0 0 0 0 0 0 0 23 254 254 254 248 254 254 254 231 42 0 0 0 0 0 0 0 0 0 0 0 0 0 0 0 0 0 0 3 148 254 254 254 254 254 228 45 0 0 0 0 0 0 0 0 0 0 0 0 0 0 0 0 0 0 0 0 110 254 254 254 254 217 46 0 0 0 0 0 0 0 0 0 0 0 0 0 0 0 0 0 0 0 0 18 239 254 254 254 219 10 0 0 0 0 0 0 0 0 0 0 0 0 0 0 0 0 0 0 0 0 0 89 254 254 254 254 225 17 0 0 0 0 0 0 0 0 0 0 0 0 0 0 0 0 0 0 0 0 24 236 254 254 254 254 254 76 0 0 0 0 0 0 0 0 0 0 0 0 0 0 0 0 0 0 0 13 187 254 254 231 174 254 254 44 0 0 0 0 0 0 0 0 0 0 0 0 0 0 0 0 0 0 0 69 254 254 249 61 173 254 254 44 0 0 0 0 0 0 0 0 0 0 0 0 0 0 0 0 0 0 0 184 254 254 252 230 254 254 254 44 0 0 0 0 0 0 0 0 0 0 0 0 0 0 0 0 0 0 51 249 254 254 254 254 254 254 135 9 0 0 0 0 0 0 0 0 0 0 0 0 0 0 0 0 0 0 16 229 254 254 254 249 215 100 8 0 0 0 0 0 0 0 0 0 0 0 0 0 0 0 0 0 0 0 0 59 177 246 164 79 0 0 0 0 0 0 0 0 0 0 0 0 0 0 0 0 0 0 0 0 0 0 0 0 0 0 0 0 0 0 0 0 0 0 0 0 0 0 0 0 0 0 0 0 0 0 0 0 0 0 0 0 0 0 0 0 0 0 0 0 0 0 0 0 0 0 0 0 0 0 0 0 0 0 0 0 0 0 0 0 0 0 0 0 0 0 0 0 0 0 0 0 0 0 0 0 0 0 0 0 
0 0 0 0 0 0 0 0 0 0 0 0 0 0 0 0 0 0 0 0 0 0 0 0 0 0 0 0 0 0 0 0 0 0 0 0 0 0 0 0 0 0 0 0 0 0 0 0 0 0 0 0 0 0 0 0 0 0 0 0 0 0 0 0 0 0 0 0 0 0 0 0 0 0 0 0 0 0 0 0 0 0 0 0 0 0 0 0 0 0 0 0 0 0 0 0 0 0 0 0 0 0 0 0 0 0 0 0 0 0 0 0 0 0 0 0 0 0 0 0 0 0 0 0 0 0 0 0 0 0 0 0 0 0 0 0 0 0 0 0 0 0 0 0 0 0 0 0 0 0 0 0 0 0 0 0 0 0 0 0 0 0 0 0 0 0 0 0 0 0 0 0 0 0 0 0 0 0 0 0 0 0 0 34 88 196 195 195 171 112 9 0 0 0 0 0 0 0 0 0 0 0 0 0 0 0 0 0 0 41 155 247 253 254 253 253 253 254 187 106 0 0 0 0 0 0 0 0 0 0 0 0 0 0 0 43 103 248 253 253 253 254 193 217 253 254 253 249 138 0 0 0 0 0 0 0 0 0 0 0 0 0 40 218 254 255 251 216 109 0 4 152 248 255 254 254 224 0 0 0 0 0 0 0 0 0 0 0 0 28 240 253 241 178 49 0 0 34 186 253 253 254 235 106 41 0 0 0 0 0 0 0 0 0 0 0 0 92 253 239 87 0 0 14 83 242 253 253 253 249 128 0 0 0 0 0 0 0 0 0 0 0 0 0 0 200 253 230 12 0 37 167 253 254 253 187 247 168 18 0 0 0 0 0 0 0 0 0 0 0 0 0 0 146 254 254 205 56 188 254 254 255 166 36 49 0 0 0 0 0 0 0 0 0 0 0 0 0 0 0 0 110 253 253 253 254 253 253 205 83 14 0 0 0 0 0 0 0 0 0 0 0 0 0 0 0 0 0 0 9 179 253 253 254 253 203 21 0 0 0 0 0 0 0 0 0 0 0 0 0 0 0 0 0 0 0 0 61 225 253 253 254 168 9 0 0 0 0 0 0 0 0 0 0 0 0 0 0 0 0 0 0 0 0 138 255 254 254 254 255 193 3 0 0 0 0 0 0 0 0 0 0 0 0 0 0 0 0 0 0 0 141 249 254 253 202 244 254 211 21 0 0 0 0 0 0 0 0 0 0 0 0 0 0 0 0 0 0 141 247 253 254 135 56 250 254 190 0 0 0 0 0 0 0 0 0 0 0 0 0 0 0 0 0 0 91 249 253 253 193 95 227 253 248 76 0 0 0 0 0 0 0 0 0 0 0 0 0 0 0 0 0 0 200 254 254 254 255 254 254 254 168 0 0 0 0 0 0 0 0 0 0 0 0 0 0 0 0 0 0 0 224 253 253 253 254 253 226 88 0 0 0 0 0 0 0 0 0 0 0 0 0 0 0 0 0 0 0 0 81 117 158 194 195 146 30 0 0 0 0 0 0 0 0 0 0 0 0 0 0 0 0 0 0 0 0 0 0 0 0 0 0 0 0 0 0 0 0 0 0 0 0 0 0 0 0 0 0 0 0 0 0 0 0 0 0 0 0 0 0 0 0 0 0 0 0 0 0 0 0 0 0 0 0 0 0 0 0 0 0 0 0 0 0 0 0 0 0 0 0 0 0 0 0 0 0 0 0 0 0 0 0 0 0 0 0 0 0 0 0 0 0 0 0 0 0 0 0 0 0 0 0 0 0 0 0 0 0 0 0 0 0 0 0 
0 0 0 0 0 0 0 0 0 0 0 0 0 0 0 0 0 0 0 0 0 0 0 0 0 0 0 0 0 0 0 0 0 0 0 0 0 0 0 0 0 0 0 0 0 0 0 0 0 0 0 0 0 0 0 0 0 0 0 0 0 0 0 0 0 0 0 0 0 0 0 0 0 0 0 0 0 0 0 0 0 0 0 0 0 0 0 0 0 0 0 0 0 0 0 0 0 0 0 0 0 0 0 0 0 0 0 0 0 0 0 0 0 0 0 0 0 0 0 0 0 0 0 0 0 0 0 0 0 0 0 0 0 0 0 0 0 0 0 0 0 0 0 0 0 0 0 0 0 0 0 0 0 0 8 89 202 223 199 135 50 0 0 0 0 0 0 0 0 0 0 0 0 0 0 0 0 0 0 0 4 86 249 254 254 254 254 254 242 93 0 0 0 0 0 0 0 0 0 0 0 0 0 0 0 0 0 5 156 254 254 254 230 202 231 254 254 225 14 0 0 0 0 0 0 0 0 0 0 0 0 0 0 0 6 155 254 254 172 86 0 0 6 83 254 254 88 14 0 0 0 0 0 0 0 0 0 0 0 0 0 0 95 254 254 122 3 0 0 0 0 12 222 254 254 225 53 0 0 0 0 0 0 0 0 0 0 0 0 0 205 254 189 4 0 0 0 0 5 103 254 254 254 254 82 0 0 0 0 0 0 0 0 0 0 0 0 48 248 254 96 0 0 0 21 69 225 254 254 254 185 94 2 0 0 0 0 0 0 0 0 0 0 0 0 11 210 254 214 14 0 64 212 254 254 254 243 104 4 0 0 0 0 0 0 0 0 0 0 0 0 0 0 0 155 254 254 118 148 253 254 254 246 132 14 0 0 0 0 0 0 0 0 0 0 0 0 0 0 0 0 0 57 241 254 254 254 254 254 163 28 0 0 0 0 0 0 0 0 0 0 0 0 0 0 0 0 0 0 0 0 161 254 254 254 255 133 0 0 0 0 0 0 0 0 0 0 0 0 0 0 0 0 0 0 0 0 0 94 242 254 254 254 200 0 0 0 0 0 0 0 0 0 0 0 0 0 0 0 0 0 0 0 0 0 86 241 254 254 254 254 254 8 0 0 0 0 0 0 0 0 0 0 0 0 0 0 0 0 0 0 0 20 223 254 254 109 198 254 254 56 0 0 0 0 0 0 0 0 0 0 0 0 0 0 0 0 0 0 0 131 254 254 134 7 122 254 254 56 0 0 0 0 0 0 0 0 0 0 0 0 0 0 0 0 0 0 30 243 254 203 7 0 190 254 254 56 0 0 0 0 0 0 0 0 0 0 0 0 0 0 0 0 0 0 126 254 254 123 30 201 251 254 163 11 0 0 0 0 0 0 0 0 0 0 0 0 0 0 0 0 0 0 146 254 254 250 242 254 254 189 11 0 0 0 0 0 0 0 0 0 0 0 0 0 0 0 0 0 0 0 78 254 254 254 254 254 139 38 0 0 0 0 0 0 0 0 0 0 0 0 0 0 0 0 0 0 0 0 3 137 254 254 184 55 1 0 0 0 0 0 0 0 0 0 0 0 0 0 0 0 0 0 0 0 0 0 0 0 0 0 0 0 0 0 0 0 0 0 0 0 0 0 0 0 0 0 0 0 0 0 0 0 0 0 0 0 0 0 0 0 0 0 0 0 0 0 0 0 0 0 0 0 0 0 0 0 0 0 0 0 0 0 0 0 0 0 0 0 0 0 0 0 0 0 0 0 0 0 0 0 0 0 0 
0 0 0 0 0 0 0 0 0 0 0 0 0 0 0 0 0 0 0 0 0 0 0 0 0 0 0 0 0 0 0 0 0 0 0 0 0 0 0 0 0 0 0 0 0 0 0 0 0 0 0 0 0 0 0 0 0 0 0 0 0 0 0 0 0 0 0 0 0 0 0 0 0 0 0 0 0 0 0 0 0 0 0 0 0 0 0 0 0 0 0 0 0 0 0 0 0 0 0 0 0 0 0 0 0 0 0 0 0 0 0 0 0 0 0 0 0 0 0 0 0 0 0 0 0 0 0 0 0 0 0 0 0 0 0 0 0 0 0 0 0 0 0 0 0 0 0 0 0 0 0 0 0 0 86 198 255 255 255 198 29 0 0 0 0 0 0 0 0 0 0 0 0 0 0 0 0 0 0 0 86 226 255 255 255 255 255 255 255 86 0 0 0 0 0 0 0 0 0 0 0 0 0 0 0 0 0 141 255 255 255 255 170 170 198 255 255 226 226 226 29 0 0 0 0 0 0 0 0 0 0 0 0 0 141 255 255 226 57 0 0 0 0 170 255 255 255 255 86 0 0 0 0 0 0 0 0 0 0 0 0 29 255 255 170 29 0 0 0 0 57 226 255 255 255 255 57 0 0 0 0 0 0 0 0 0 0 0 0 170 255 255 29 0 0 0 0 114 255 255 255 255 141 29 0 0 0 0 0 0 0 0 0 0 0 0 29 255 255 226 0 0 0 0 198 255 255 255 198 29 0 0 0 0 0 0 0 0 0 0 0 0 0 0 0 255 255 255 57 0 0 170 255 255 255 198 29 0 0 0 0 0 0 0 0 0 0 0 0 0 0 0 0 170 255 255 226 114 198 255 255 255 114 0 0 0 0 0 0 0 0 0 0 0 0 0 0 0 0 0 0 29 226 255 255 255 255 255 255 86 0 0 0 0 0 0 0 0 0 0 0 0 0 0 0 0 0 0 0 0 57 226 255 255 255 255 57 0 0 0 0 0 0 0 0 0 0 0 0 0 0 0 0 0 0 0 0 0 29 226 255 255 255 255 0 0 0 0 0 0 0 0 0 0 0 0 0 0 0 0 0 0 0 0 0 0 198 255 255 255 255 255 86 0 0 0 0 0 0 0 0 0 0 0 0 0 0 0 0 0 0 0 0 170 255 255 170 198 255 255 170 0 0 0 0 0 0 0 0 0 0 0 0 0 0 0 0 0 0 0 29 255 255 255 29 0 255 255 198 0 0 0 0 0 0 0 0 0 0 0 0 0 0 0 0 0 0 0 198 255 255 114 0 114 255 255 141 0 0 0 0 0 0 0 0 0 0 0 0 0 0 0 0 0 0 141 255 255 141 0 57 226 255 226 57 0 0 0 0 0 0 0 0 0 0 0 0 0 0 0 0 0 0 170 255 255 198 170 226 255 255 141 0 0 0 0 0 0 0 0 0 0 0 0 0 0 0 0 0 0 0 170 255 255 255 255 255 255 170 0 0 0 0 0 0 0 0 0 0 0 0 0 0 0 0 0 0 0 0 141 255 255 255 255 255 198 0 0 0 0 0 0 0 0 0 0 0 0 0 0 0 0 0 0 0 0 0 0 0 0 0 0 0 0 0 0 0 0 0 0 0 0 0 0 0 0 0 0 0 0 0 0 0 0 0 0 0 0 0 0 0 0 0 0 0 0 0 0 0 0 0 0 0 0 0 0 0 0 0 0 0 0 0 0 0 0 0 0 0 0 0 0 0 0 0 0 0 0 0 0 0 0 0 0 
0 0 0 0 0 0 0 0 0 0 0 0 0 0 0 0 0 0 0 0 0 0 0 0 0 0 0 0 0 0 0 0 0 0 0 0 0 0 0 0 0 0 0 0 0 0 0 0 0 0 0 0 0 0 0 0 0 0 0 0 0 0 0 0 0 0 0 0 0 0 0 0 0 0 0 0 0 0 0 0 0 0 0 0 0 0 0 0 0 0 0 0 0 0 0 0 0 0 0 0 0 0 0 0 0 0 0 0 0 0 0 0 0 0 0 0 0 0 0 0 0 0 0 0 0 0 0 0 0 0 0 0 0 0 0 0 0 0 0 0 0 0 0 0 0 0 0 0 0 0 0 0 0 0 0 0 0 0 0 0 0 0 0 0 0 0 0 0 0 0 0 0 0 0 0 0 0 0 0 0 0 0 0 0 0 0 0 0 0 0 0 0 0 0 0 0 0 0 0 0 0 0 0 0 0 0 0 0 0 0 0 0 0 0 0 0 0 0 0 0 0 0 0 0 0 0 0 0 0 0 0 0 0 0 0 0 0 0 0 0 0 43 151 230 247 202 101 8 8 0 0 0 0 0 0 0 0 0 0 0 0 0 0 0 0 0 20 116 218 251 254 237 241 254 254 247 207 0 0 0 0 0 0 0 0 0 0 0 0 0 0 0 5 96 233 254 218 128 68 134 242 254 254 178 20 0 0 0 0 0 0 0 0 0 0 0 0 0 0 0 94 254 211 104 5 104 223 254 253 166 149 35 0 0 0 0 0 0 0 0 0 0 0 0 0 0 0 7 226 223 14 69 196 254 253 166 43 0 0 0 0 0 0 0 0 0 0 0 0 0 0 0 0 0 0 0 237 235 142 247 254 213 54 0 0 0 0 0 0 0 0 0 0 0 0 0 0 0 0 0 0 0 0 7 241 254 255 242 113 12 0 0 0 0 0 0 0 0 0 0 0 0 0 0 0 0 0 0 0 0 31 157 253 254 196 39 0 0 0 0 0 0 0 0 0 0 0 0 0 0 0 0 0 0 0 0 4 107 239 254 254 254 106 0 0 0 0 0 0 0 0 0 0 0 0 0 0 0 0 0 0 0 0 53 205 254 248 143 208 247 34 0 0 0 0 0 0 0 0 0 0 0 0 0 0 0 0 0 0 0 75 246 254 217 59 12 235 199 0 0 0 0 0 0 0 0 0 0 0 0 0 0 0 0 0 0 0 93 254 254 167 42 114 204 241 51 0 0 0 0 0 0 0 0 0 0 0 0 0 0 0 0 0 0 0 226 254 254 254 254 254 251 75 0 0 0 0 0 0 0 0 0 0 0 0 0 0 0 0 0 0 0 0 175 195 176 144 95 93 31 0 0 0 0 0 0 0 0 0 0 0 0 0 0 0 0 0 0 0 0 0 0 0 0 0 0 0 0 0 0 0 0 0 0 0 0 0 0 0 0 0 0 0 0 0 0 0 0 0 0 0 0 0 0 0 0 0 0 0 0 0 0 0 0 0 0 0 0 0 0 0 0 0 0 0 0 0 0 0 0 0 0 0 0 0 0 0 0 0 0 0 0 0 0 0 0 0 0 0 0 0 0 0 0 0 0 0 0 0 0 0 0 0 0 0 0 0 0 0 0 0 0 0 0 0 0 0 0 0 0 0 0 0 0 0 0 0 0 0 0 0 0 0 0 0 0 0 0 0 0 0 0 0 0 0 0 0 0 0 0 0 0 0 0 0 0 0 0 0 0 0 0 0 0 0 0 0 0 0 0 0 0 0 0 
0 0 0 0 0 0 0 0 0 0 0 0 0 0 0 0 0 0 0 0 0 0 0 0 0 0 0 0 0 0 0 0 0 0 0 0 0 0 0 0 0 0 0 0 0 0 0 0 0 0 0 0 0 0 0 0 0 0 0 0 0 0 0 0 0 0 0 0 0 0 0 0 0 0 0 0 0 0 0 0 0 0 0 0 0 0 0 0 0 0 0 0 0 0 0 0 0 0 0 0 0 0 0 0 0 0 0 0 0 0 0 0 0 0 0 0 0 0 0 0 0 0 0 0 0 0 0 0 0 0 0 0 0 0 0 0 0 0 0 0 0 0 0 0 0 0 0 0 0 0 0 0 0 0 0 0 6 49 134 214 232 131 3 0 0 0 0 0 0 0 0 0 0 0 0 0 0 0 0 0 0 0 0 60 169 254 254 254 254 254 159 0 0 0 0 0 0 0 0 0 0 0 0 0 0 0 0 0 0 9 150 254 254 246 163 170 254 254 236 16 0 0 0 0 0 0 0 0 0 0 0 0 0 0 0 0 12 182 254 254 132 10 76 234 254 254 215 14 0 0 0 0 0 0 0 0 0 0 0 0 0 0 0 0 66 245 226 70 2 54 247 254 254 254 120 0 0 0 0 0 0 0 0 0 0 0 0 0 0 0 0 0 197 247 70 0 88 248 254 220 157 237 14 0 0 0 0 0 0 0 0 0 0 0 0 0 0 0 0 0 214 233 0 91 235 254 240 96 3 92 2 0 0 0 0 0 0 0 0 0 0 0 0 0 0 0 0 0 248 236 98 253 254 240 57 0 0 0 0 0 0 0 0 0 0 0 0 0 0 0 0 0 0 0 0 0 186 254 254 255 214 79 0 0 0 0 0 0 0 0 0 0 0 0 0 0 0 0 0 0 0 0 0 0 197 254 254 223 47 0 0 0 0 0 0 0 0 0 0 0 0 0 0 0 0 0 0 0 0 0 0 144 254 255 254 51 0 0 0 0 0 0 0 0 0 0 0 0 0 0 0 0 0 0 0 0 0 0 110 250 254 254 254 139 0 0 0 0 0 0 0 0 0 0 0 0 0 0 0 0 0 0 0 0 0 71 248 254 240 165 254 169 0 0 0 0 0 0 0 0 0 0 0 0 0 0 0 0 0 0 0 0 15 209 254 240 76 40 254 217 5 0 0 0 0 0 0 0 0 0 0 0 0 0 0 0 0 0 0 0 128 253 252 111 0 49 254 235 12 0 0 0 0 0 0 0 0 0 0 0 0 0 0 0 0 0 0 33 246 254 118 0 3 173 254 146 0 0 0 0 0 0 0 0 0 0 0 0 0 0 0 0 0 0 0 128 254 244 25 0 131 254 254 86 0 0 0 0 0 0 0 0 0 0 0 0 0 0 0 0 0 0 5 216 254 160 37 199 252 250 101 0 0 0 0 0 0 0 0 0 0 0 0 0 0 0 0 0 0 0 26 251 254 161 236 254 250 103 0 0 0 0 0 0 0 0 0 0 0 0 0 0 0 0 0 0 0 0 8 205 254 254 254 254 83 0 0 0 0 0 0 0 0 0 0 0 0 0 0 0 0 0 0 0 0 0 0 0 0 0 0 0 0 0 0 0 0 0 0 0 0 0 0 0 0 0 0 0 0 0 0 0 0 0 0 0 0 0 0 0 0 0 0 0 0 0 0 0 0 0 0 0 0 0 0 0 0 0 0 0 0 0 0 0 0 0 0 0 0 0 0 0 0 0 0 0 0 0 0 0 0 0 0 0 
0 0 0 0 0 0 0 0 0 0 0 0 0 0 0 0 0 0 0 0 0 0 0 0 0 0 0 0 0 0 0 0 0 0 0 0 0 0 0 0 0 0 0 0 0 0 0 0 0 0 0 0 0 0 0 0 0 0 0 0 0 0 0 0 0 0 0 0 0 0 0 0 0 0 0 0 0 0 0 0 0 0 0 0 0 0 0 0 0 0 0 0 0 0 0 0 0 0 0 0 0 0 0 0 0 0 0 0 0 0 0 0 0 0 0 0 0 0 0 0 0 0 0 0 0 0 0 0 0 0 0 0 0 0 0 0 0 0 0 0 0 0 0 0 0 0 0 0 0 0 0 0 0 0 0 0 0 0 0 0 0 0 0 0 0 0 0 0 0 0 0 0 0 0 0 0 0 4 28 130 43 128 255 218 191 234 148 21 1 0 0 0 0 0 0 0 0 0 0 0 0 0 1 86 136 211 253 253 253 253 253 253 253 253 253 253 96 1 0 0 0 0 0 0 0 0 0 0 0 1 36 253 253 253 253 253 253 253 253 253 253 253 253 253 253 150 25 1 0 0 0 0 0 0 0 0 0 86 253 253 250 228 228 228 140 105 105 105 105 208 238 253 253 253 253 5 0 0 0 0 0 0 0 0 4 208 251 222 134 5 26 22 9 0 0 0 0 0 94 253 253 253 253 5 0 0 0 0 0 0 0 0 6 234 200 0 100 175 237 224 92 0 0 0 0 13 117 253 253 253 100 2 0 0 0 0 0 0 0 0 0 43 0 0 155 253 253 253 197 0 0 0 75 197 253 253 253 179 4 0 0 0 0 0 0 0 0 0 0 0 0 0 49 166 253 253 236 174 114 174 238 253 253 253 156 45 0 0 0 0 0 0 0 0 0 0 0 0 0 0 0 30 234 253 253 253 253 253 253 253 187 74 7 0 0 0 0 0 0 0 0 0 0 0 0 0 0 0 0 0 56 214 253 253 253 253 253 99 43 0 0 0 0 0 0 0 0 0 0 0 0 0 0 0 0 0 0 11 161 253 253 253 253 253 253 43 0 0 0 0 0 0 0 0 0 0 0 0 0 0 0 0 0 0 0 74 253 253 253 217 253 253 253 79 0 0 0 0 0 0 0 0 0 0 0 0 0 0 0 0 0 0 50 191 253 237 145 25 204 253 253 166 0 0 0 0 0 0 0 0 0 0 0 0 0 0 0 0 0 9 189 253 253 101 0 0 192 253 253 239 73 0 0 0 0 0 0 0 0 0 0 0 0 0 0 0 0 25 253 253 237 51 0 0 147 253 253 253 160 0 0 0 0 0 0 0 0 0 0 0 0 0 0 0 0 25 253 253 227 100 78 0 69 253 253 253 160 0 0 0 0 0 0 0 0 0 0 0 0 0 0 0 0 15 212 253 253 253 221 28 121 253 253 253 160 0 0 0 0 0 0 0 0 0 0 0 0 0 0 0 0 0 101 253 213 179 253 240 249 253 253 215 29 0 0 0 0 0 0 0 0 0 0 0 0 0 0 0 0 0 2 30 133 213 253 253 253 253 216 29 0 0 0 0 0 0 0 0 0 0 0 0 0 0 0 0 0 0 0 0 0 114 137 66 253 120 4 0 0 0 0 0 0 0 0 0 0 0 0 0 0 0 0 0 0 0 0 0 0 0 0 0 0 0 0 0 0 0 0 0 0 0 0 0 0 0 0 0 0 0 0 0 0 0 0 0 0 0 0 0 0 0 0 0 0 0 0 0 0 0 0 0 0 0 
0 0 0 0 0 0 0 0 0 0 0 0 0 0 0 0 0 0 0 0 0 0 0 0 0 0 0 0 0 0 0 0 0 0 0 0 0 0 0 0 0 0 0 0 0 0 0 0 0 0 0 0 0 0 0 0 0 0 0 0 0 0 0 0 0 0 0 0 0 0 0 0 0 0 0 0 0 0 0 0 0 0 0 0 0 0 0 0 0 0 0 0 0 0 0 0 0 0 0 0 0 0 0 0 0 0 0 0 0 0 0 0 0 0 0 0 0 0 0 0 0 0 0 0 0 0 0 0 0 0 0 0 0 0 0 0 0 0 0 0 0 0 0 0 0 0 0 0 0 0 0 0 0 0 0 63 176 253 222 101 0 0 0 0 0 0 0 0 0 0 0 0 0 0 0 0 0 0 0 0 29 117 225 240 253 252 252 176 0 0 0 0 0 0 0 0 0 0 0 0 0 0 0 0 0 0 0 57 200 252 252 252 196 148 55 19 0 0 0 0 0 0 0 0 0 0 0 0 0 0 0 0 0 4 107 253 242 223 129 84 0 0 0 0 0 29 107 7 0 0 0 0 0 0 0 0 0 0 0 0 0 107 252 253 167 0 0 0 0 0 0 0 0 253 204 25 0 0 0 0 0 0 0 0 0 0 0 0 0 170 253 204 15 0 0 0 0 0 26 207 253 204 94 0 0 0 0 0 0 0 0 0 0 0 0 0 51 243 252 178 57 0 0 0 0 123 231 252 204 15 0 0 0 0 0 0 0 0 0 0 0 0 0 0 13 155 252 253 233 75 0 32 198 246 239 180 25 0 0 0 0 0 0 0 0 0 0 0 0 0 0 0 0 10 161 253 252 233 169 215 253 195 65 0 0 0 0 0 0 0 0 0 0 0 0 0 0 0 0 0 0 0 0 112 237 252 252 252 112 74 0 0 0 0 0 0 0 0 0 0 0 0 0 0 0 0 0 0 0 0 0 0 226 253 253 253 0 0 0 0 0 0 0 0 0 0 0 0 0 0 0 0 0 0 0 0 0 0 0 226 249 233 224 252 163 9 0 0 0 0 0 0 0 0 0 0 0 0 0 0 0 0 0 0 0 7 135 253 186 43 137 252 253 59 0 0 0 0 0 0 0 0 0 0 0 0 0 0 0 0 0 0 0 123 252 240 71 0 10 161 253 167 0 0 0 0 0 0 0 0 0 0 0 0 0 0 0 0 0 0 0 169 252 63 0 0 0 0 253 214 31 0 0 0 0 0 0 0 0 0 0 0 0 0 0 0 0 0 0 170 253 0 0 0 0 0 255 253 56 0 0 0 0 0 0 0 0 0 0 0 0 0 0 0 0 0 0 169 252 226 72 0 0 0 253 252 55 0 0 0 0 0 0 0 0 0 0 0 0 0 0 0 0 0 0 131 227 253 233 165 19 0 253 186 12 0 0 0 0 0 0 0 0 0 0 0 0 0 0 0 0 0 0 0 47 237 252 252 196 169 253 151 0 0 0 0 0 0 0 0 0 0 0 0 0 0 0 0 0 0 0 0 0 50 158 252 252 252 112 12 0 0 0 0 0 0 0 0 0 0 0 0 0 0 0 0 0 0 0 0 0 0 0 0 0 0 0 0 0 0 0 0 0 0 0 0 0 0 0 0 0 0 0 0 0 0 0 0 0 0 0 0 0 0 0 0 0 0 0 0 0 0 0 0 0 0 0 0 0 0 0 0 0 0 0 0 0 0 0 0 0 0 0 0 0 0 0 0 0 0 0 0 0 0 
0 0 0 0 0 0 0 0 0 0 0 0 0 0 0 0 0 0 0 0 0 0 0 0 0 0 0 0 0 0 0 0 0 0 0 0 0 0 0 0 0 0 0 0 0 0 0 0 0 0 0 0 0 0 0 0 0 0 0 0 0 0 0 0 0 0 0 0 0 0 0 0 0 0 0 0 0 0 0 0 0 0 0 0 0 0 0 0 0 0 0 0 0 0 0 0 0 0 0 0 0 0 0 0 0 0 0 0 0 0 0 0 0 0 0 0 0 0 0 0 0 0 0 0 0 0 0 0 0 0 0 0 0 0 0 0 0 0 0 0 0 0 0 0 0 0 0 0 0 0 0 0 0 0 0 0 0 0 0 0 0 0 0 0 0 0 0 0 0 0 0 0 0 0 0 0 0 0 0 0 0 0 0 0 31 162 212 208 95 4 0 0 0 0 0 0 0 0 0 0 0 0 0 0 0 0 0 0 0 0 0 58 239 254 227 220 255 157 103 175 71 0 0 0 0 0 0 0 0 0 0 0 0 0 0 0 0 0 25 216 246 107 7 2 121 254 254 254 217 0 0 0 0 0 0 0 0 0 0 0 0 0 0 0 0 0 148 254 92 0 0 4 149 254 254 150 8 0 0 0 0 0 0 0 0 0 0 0 0 0 0 0 0 52 254 169 1 0 36 193 254 254 135 1 0 0 0 0 0 0 0 0 0 0 0 0 0 0 0 0 0 130 254 60 0 70 239 254 230 83 0 0 0 0 0 0 0 0 0 0 0 0 0 0 0 0 0 0 0 125 254 84 125 249 254 200 59 0 0 0 0 0 0 0 0 0 0 0 0 0 0 0 0 0 0 0 0 41 245 245 254 247 130 9 0 0 0 0 0 0 0 0 0 0 0 0 0 0 0 0 0 0 0 0 22 147 254 255 206 44 0 0 0 0 0 0 0 0 0 0 0 0 0 0 0 0 0 0 0 0 0 83 216 254 254 254 36 0 0 0 0 0 0 0 0 0 0 0 0 0 0 0 0 0 0 0 0 25 187 251 254 216 163 245 16 0 0 0 0 0 0 0 0 0 0 0 0 0 0 0 0 0 0 24 130 247 254 219 105 7 179 235 11 0 0 0 0 0 0 0 0 0 0 0 0 0 0 0 0 0 51 209 254 233 136 15 0 53 237 186 5 0 0 0 0 0 0 0 0 0 0 0 0 0 0 0 0 35 245 254 246 48 0 0 31 222 252 69 0 0 0 0 0 0 0 0 0 0 0 0 0 0 0 0 0 185 254 254 254 248 218 218 237 246 96 0 0 0 0 0 0 0 0 0 0 0 0 0 0 0 0 0 0 115 150 150 150 150 150 150 150 93 0 0 0 0 0 0 0 0 0 0 0 0 0 0 0 0 0 0 0 0 0 0 0 0 0 0 0 0 0 0 0 0 0 0 0 0 0 0 0 0 0 0 0 0 0 0 0 0 0 0 0 0 0 0 0 0 0 0 0 0 0 0 0 0 0 0 0 0 0 0 0 0 0 0 0 0 0 0 0 0 0 0 0 0 0 0 0 0 0 0 0 0 0 0 0 0 0 0 0 0 0 0 0 0 0 0 0 0 0 0 0 0 0 0 0 0 0 0 0 0 0 0 0 0 0 0 0 0 0 0 0 0 0 0 0 0 0 0 0 0 0 0 0 0 0 0 0 0 0 0 0 0 0 0 0 0 0 0 0 0 0 0 0 0 0 0 0 0 0 0 0 0 0 0 0 0 0 0 0 0 0 0 
0 0 0 0 0 0 0 0 0 0 0 0 0 0 0 0 0 0 0 0 0 0 0 0 0 0 0 0 0 0 0 0 0 0 0 0 0 0 0 0 0 0 0 0 0 0 0 0 0 0 0 0 0 0 0 0 0 0 0 0 0 0 0 0 0 0 0 0 0 0 0 0 0 0 0 0 0 0 0 0 0 0 0 0 0 0 0 0 0 0 0 0 0 0 0 0 0 0 0 0 0 0 0 0 0 0 0 0 0 0 0 0 0 0 0 0 0 0 0 0 0 0 0 0 0 0 0 0 0 0 0 0 0 0 0 0 0 0 0 0 0 0 0 0 0 0 0 0 0 0 0 0 0 0 0 0 0 0 0 0 0 0 0 0 0 0 0 0 0 0 0 0 0 0 0 0 0 0 0 0 0 0 0 0 0 0 0 0 0 0 0 0 0 0 0 0 0 0 0 0 0 0 0 0 0 0 0 0 0 0 1 30 110 132 132 91 5 0 0 7 5 0 0 0 0 0 0 0 0 0 0 0 0 0 0 0 4 69 195 254 254 254 254 254 104 33 177 253 241 121 0 0 0 0 0 0 0 0 0 0 0 0 0 33 193 254 253 179 117 60 121 229 245 225 254 235 179 226 0 0 0 0 0 0 0 0 0 0 0 0 33 221 253 164 54 0 0 0 17 196 254 254 214 31 0 0 0 0 0 0 0 0 0 0 0 0 0 0 142 254 145 0 0 0 0 52 205 254 251 148 17 0 0 0 0 0 0 0 0 0 0 0 0 0 0 0 116 254 113 0 0 9 126 250 254 229 76 0 0 0 0 0 0 0 0 0 0 0 0 0 0 0 0 0 11 238 193 4 52 205 254 254 165 19 0 0 0 0 0 0 0 0 0 0 0 0 0 0 0 0 0 0 0 185 254 176 249 254 251 121 4 0 0 0 0 0 0 0 0 0 0 0 0 0 0 0 0 0 0 0 0 75 254 254 254 204 53 0 0 0 0 0 0 0 0 0 0 0 0 0 0 0 0 0 0 0 0 0 67 222 254 254 127 12 0 0 0 0 0 0 0 0 0 0 0 0 0 0 0 0 0 0 0 0 2 126 249 254 254 238 14 0 0 0 0 0 0 0 0 0 0 0 0 0 0 0 0 0 0 0 0 23 172 254 254 193 254 203 0 0 0 0 0 0 0 0 0 0 0 0 0 0 0 0 0 0 0 0 12 169 254 241 124 157 254 109 0 0 0 0 0 0 0 0 0 0 0 0 0 0 0 0 0 0 0 0 106 254 239 55 129 254 212 18 0 0 0 0 0 0 0 0 0 0 0 0 0 0 0 0 0 0 0 0 236 255 80 97 252 246 63 0 0 0 0 0 0 0 0 0 0 0 0 0 0 0 0 0 0 0 0 0 242 254 245 252 251 93 0 0 0 0 0 0 0 0 0 0 0 0 0 0 0 0 0 0 0 0 0 0 133 254 254 219 65 0 0 0 0 0 0 0 0 0 0 0 0 0 0 0 0 0 0 0 0 0 0 0 2 8 67 4 0 0 0 0 0 0 0 0 0 0 0 0 0 0 0 0 0 0 0 0 0 0 0 0 0 0 0 0 0 0 0 0 0 0 0 0 0 0 0 0 0 0 0 0 0 0 0 0 0 0 0 0 0 0 0 0 0 0 0 0 0 0 0 0 0 0 0 0 0 0 0 0 0 0 0 0 0 0 0 0 0 0 0 0 0 0 0 0 0 0 0 0 0 0 0 0 0 0 0 0 0 0 
0 0 0 0 0 0 0 0 0 0 0 0 0 0 0 0 0 0 0 0 0 0 0 0 0 0 0 0 0 0 0 0 0 0 0 0 0 0 0 0 0 0 0 0 0 0 0 0 0 0 0 0 0 0 0 0 0 0 0 0 0 0 0 0 0 0 0 0 0 0 0 0 0 0 0 0 0 0 0 0 0 0 0 0 0 0 0 0 0 0 0 0 0 0 0 0 0 0 0 0 0 0 0 0 0 0 0 0 0 0 0 0 0 0 0 0 0 0 0 0 0 0 0 0 0 0 0 0 0 0 0 0 0 0 0 0 0 0 0 0 0 0 0 0 0 0 0 0 0 0 0 0 0 0 0 0 0 0 0 0 0 0 0 0 0 0 0 0 0 0 0 0 0 0 0 0 0 11 146 165 226 255 203 149 67 0 0 0 0 0 0 0 0 0 0 0 0 0 0 0 0 0 0 0 0 174 254 254 254 254 254 254 252 203 65 0 0 0 0 0 0 0 0 0 0 0 0 0 0 0 0 0 0 197 254 250 70 26 47 116 189 243 211 64 0 0 0 0 0 0 0 0 0 0 0 0 0 0 0 0 0 33 215 254 165 27 0 0 0 37 162 241 64 0 0 0 0 0 0 0 0 0 0 0 0 0 0 0 0 0 24 162 254 214 24 0 3 6 1 53 71 0 0 0 0 0 0 0 0 0 0 0 0 0 0 0 0 0 0 26 195 254 218 99 149 202 187 187 156 56 2 0 0 0 0 0 0 0 0 0 0 0 0 0 0 0 0 33 201 254 254 254 254 254 254 254 254 254 95 0 0 0 0 0 0 0 0 0 0 0 0 0 0 0 40 228 254 254 254 254 234 87 4 4 91 94 79 0 0 0 0 0 0 0 0 0 0 0 0 0 0 9 207 254 214 139 140 254 240 34 0 0 0 0 0 0 0 0 0 0 0 0 0 0 0 0 0 0 0 115 254 167 10 0 7 211 254 58 0 0 0 0 0 0 0 0 0 0 0 0 0 0 0 0 0 0 0 126 254 82 0 0 0 134 254 58 0 0 0 0 0 0 0 0 0 0 0 0 0 0 0 0 0 0 0 188 246 43 0 0 0 65 254 96 0 0 0 0 0 0 0 0 0 0 0 0 0 0 0 0 0 0 0 126 254 67 0 0 0 45 254 211 0 0 0 0 0 0 0 0 0 0 0 0 0 0 0 0 0 0 0 126 254 95 0 0 0 31 240 236 0 0 0 0 0 0 0 0 0 0 0 0 0 0 0 0 0 0 0 30 240 155 0 0 0 28 237 236 0 0 0 0 0 0 0 0 0 0 0 0 0 0 0 0 0 0 0 0 150 211 64 0 0 45 254 236 0 0 0 0 0 0 0 0 0 0 0 0 0 0 0 0 0 0 0 0 67 254 182 1 0 45 254 236 0 0 0 0 0 0 0 0 0 0 0 0 0 0 0 0 0 0 0 0 5 191 254 125 27 99 254 226 0 0 0 0 0 0 0 0 0 0 0 0 0 0 0 0 0 0 0 0 0 62 249 254 254 254 241 56 0 0 0 0 0 0 0 0 0 0 0 0 0 0 0 0 0 0 0 0 0 0 82 189 170 148 66 0 0 0 0 0 0 0 0 0 0 0 0 0 0 0 0 0 0 0 0 0 0 0 0 0 0 0 0 0 0 0 0 0 0 0 0 0 0 0 0 0 0 0 0 0 0 0 0 0 0 0 0 0 0 0 0 0 0 0 0 0 0 0 0 0 0 0 
0 0 0 0 0 0 0 0 0 0 0 0 0 0 0 0 0 0 0 0 0 0 0 0 0 0 0 0 0 0 0 0 0 0 0 0 0 0 0 0 0 0 0 0 0 0 0 0 0 0 0 0 0 0 0 0 0 0 0 0 0 0 0 0 0 0 0 0 0 0 0 0 0 0 0 0 0 0 0 0 0 0 0 0 0 0 0 0 0 0 0 0 0 0 0 0 0 0 0 0 0 0 0 0 0 0 0 0 0 0 0 0 0 0 0 0 0 0 0 0 0 0 0 0 0 0 53 202 244 255 191 11 0 0 0 0 0 0 0 0 0 0 0 0 0 0 0 0 0 0 0 0 0 42 238 243 180 181 243 187 11 0 0 0 0 0 0 0 0 0 0 0 0 0 0 0 0 0 0 0 11 234 243 42 0 0 156 255 36 0 0 0 0 0 0 0 0 0 0 0 0 0 0 0 0 0 0 0 135 233 36 0 0 0 32 254 36 42 0 0 0 0 0 0 0 0 0 0 0 0 0 0 0 0 0 0 217 94 0 0 0 0 0 254 129 63 0 0 0 0 0 0 0 0 0 0 0 0 0 0 0 0 0 73 248 32 0 0 0 0 21 212 211 0 0 0 0 0 0 0 0 0 0 0 0 0 0 0 0 0 0 110 254 0 0 0 0 27 213 228 21 0 0 0 0 0 0 0 0 0 0 0 0 0 0 0 0 0 0 68 253 63 0 0 21 213 232 42 0 0 0 0 0 0 0 0 0 0 0 0 0 0 0 0 0 0 0 0 187 135 0 79 223 249 73 0 0 0 0 0 0 0 0 0 0 0 0 0 0 0 0 0 0 0 0 0 145 249 176 254 232 94 0 0 0 0 0 0 0 0 0 0 0 0 0 0 0 0 0 0 0 0 0 0 105 255 254 239 83 0 0 0 0 0 0 0 0 0 0 0 0 0 0 0 0 0 0 0 0 0 0 42 228 254 253 52 0 0 0 0 0 0 0 0 0 0 0 0 0 0 0 0 0 0 0 0 0 0 94 234 254 223 254 0 0 0 0 0 0 0 0 0 0 0 0 0 0 0 0 0 0 0 0 0 0 73 248 254 149 37 253 0 0 0 0 0 0 0 0 0 0 0 0 0 0 0 0 0 0 0 0 0 11 254 254 105 0 47 254 0 0 0 0 0 0 0 0 0 0 0 0 0 0 0 0 0 0 0 0 0 176 253 149 0 0 150 232 0 0 0 0 0 0 0 0 0 0 0 0 0 0 0 0 0 0 0 0 27 244 207 0 0 11 213 99 0 0 0 0 0 0 0 0 0 0 0 0 0 0 0 0 0 0 0 0 37 253 124 0 63 197 212 16 0 0 0 0 0 0 0 0 0 0 0 0 0 0 0 0 0 0 0 0 21 238 254 254 255 233 42 0 0 0 0 0 0 0 0 0 0 0 0 0 0 0 0 0 0 0 0 0 0 114 253 232 150 47 0 0 0 0 0 0 0 0 0 0 0 0 0 0 0 0 0 0 0 0 0 0 0 0 0 0 0 0 0 0 0 0 0 0 0 0 0 0 0 0 0 0 0 0 0 0 0 0 0 0 0 0 0 0 0 0 0 0 0 0 0 0 0 0 0 0 0 0 0 0 0 0 0 0 0 0 0 0 0 0 0 0 0 0 0 0 0 0 0 0 0 0 0 0 0 0 0 0 0 0 0 0 0 0 0 0 0 0 0 0 0 0 0 0 0 0 0 0 0 0 0 0 0 0 0 0 0 
0 0 0 0 0 0 0 0 0 0 0 0 0 0 0 0 0 0 0 0 0 0 0 0 0 0 0 0 0 0 0 0 0 0 0 0 0 0 0 0 0 0 0 0 0 0 0 0 0 0 0 0 0 0 0 0 0 0 0 0 0 0 0 0 0 0 0 0 0 0 0 0 0 0 0 0 0 0 0 0 0 0 0 0 0 0 0 0 0 0 0 0 0 0 0 0 0 0 0 0 0 0 0 0 0 0 0 0 0 0 0 0 0 0 0 0 0 0 0 0 0 0 0 0 0 0 0 0 0 0 0 0 0 0 0 0 0 0 0 0 0 0 0 0 0 0 0 0 0 0 0 0 0 0 11 139 212 190 5 0 0 0 0 0 0 0 0 0 0 0 0 0 0 0 0 0 0 0 0 0 0 60 203 253 252 252 177 36 0 0 0 0 0 0 0 0 0 0 0 0 0 0 0 0 0 0 0 0 19 188 252 253 252 252 252 137 0 0 0 0 0 0 0 0 0 0 0 0 0 0 0 0 0 0 0 81 220 252 252 253 252 252 252 232 43 0 0 0 0 0 0 0 0 0 0 0 0 0 0 0 0 0 74 244 252 210 137 23 22 137 252 252 116 0 0 0 0 0 0 0 0 0 0 0 0 0 0 0 0 74 255 253 236 42 0 0 0 70 253 253 106 0 0 0 0 0 0 0 0 0 0 0 0 0 0 0 0 230 253 223 25 0 0 0 0 91 252 157 0 0 0 0 0 0 0 0 0 0 0 0 0 0 0 0 0 199 253 240 101 70 7 38 142 234 227 16 0 0 0 0 0 0 0 0 0 0 0 0 0 0 0 0 0 74 253 252 252 252 211 233 252 252 66 0 0 0 0 0 0 0 0 0 0 0 0 0 0 0 0 0 0 0 33 137 221 252 252 253 252 221 25 0 0 0 0 0 0 0 0 0 0 0 0 0 0 0 0 0 0 0 0 5 191 253 253 255 253 253 46 0 0 0 0 0 0 0 0 0 0 0 0 0 0 0 0 0 0 0 15 178 252 235 227 144 113 240 119 0 0 0 0 0 0 0 0 0 0 0 0 0 0 0 0 0 0 32 138 252 252 149 42 0 0 184 202 11 0 0 0 0 0 0 0 0 0 0 0 0 0 0 0 0 0 116 253 235 77 29 0 0 0 184 194 9 0 0 0 0 0 0 0 0 0 0 0 0 0 0 0 0 0 116 253 102 0 0 0 0 0 184 168 2 0 0 0 0 0 0 0 0 0 0 0 0 0 0 0 0 0 168 233 19 0 0 0 0 110 253 46 0 0 0 0 0 0 0 0 0 0 0 0 0 0 0 0 0 0 95 253 236 78 9 0 57 211 174 17 0 0 0 0 0 0 0 0 0 0 0 0 0 0 0 0 0 0 0 169 252 252 196 184 253 123 0 0 0 0 0 0 0 0 0 0 0 0 0 0 0 0 0 0 0 0 0 44 252 252 252 252 203 58 0 0 0 0 0 0 0 0 0 0 0 0 0 0 0 0 0 0 0 0 0 3 117 252 200 147 63 0 0 0 0 0 0 0 0 0 0 0 0 0 0 0 0 0 0 0 0 0 0 0 0 0 0 0 0 0 0 0 0 0 0 0 0 0 0 0 0 0 0 0 0 0 0 0 0 0 0 0 0 0 0 0 0 0 0 0 0 0 0 0 0 0 0 0 0 0 0 0 0 0 0 0 0 0 0 0 0 0 0 0 0 0 0 0 0 0 0 0 0 0 0 0 0 
0 0 0 0 0 0 0 0 0 0 0 0 0 0 0 0 0 0 0 0 0 0 0 0 0 0 0 0 0 0 0 0 0 0 0 0 0 0 0 0 0 0 0 0 0 0 0 0 0 0 0 0 0 0 0 0 0 0 0 0 0 0 0 0 0 0 0 0 0 0 0 0 0 0 0 0 0 0 0 0 0 0 0 0 0 0 0 0 0 0 0 0 0 0 0 0 0 0 0 0 0 0 0 0 0 0 0 0 0 0 0 0 0 0 0 0 0 0 0 0 0 0 0 0 0 65 197 240 180 49 25 30 0 0 0 0 0 0 0 0 0 0 0 0 0 0 0 0 0 0 0 0 43 243 254 254 254 250 246 247 106 0 0 0 0 0 0 0 0 0 0 0 0 0 0 0 0 0 0 17 233 243 174 162 116 118 205 253 112 0 0 0 0 0 0 0 0 0 0 0 0 0 0 0 0 0 0 98 254 77 0 0 0 0 85 241 96 33 81 0 0 0 0 0 0 0 0 0 0 0 0 0 0 0 8 238 223 10 0 0 0 0 162 217 162 229 212 0 0 0 0 0 0 0 0 0 0 0 0 0 0 0 9 254 210 7 0 0 0 9 179 254 234 142 13 0 0 0 0 0 0 0 0 0 0 0 0 0 0 0 6 228 254 159 11 0 105 232 254 254 110 0 0 0 0 0 0 0 0 0 0 0 0 0 0 0 0 0 0 63 253 254 94 188 254 254 254 75 1 0 0 0 0 0 0 0 0 0 0 0 0 0 0 0 0 0 0 0 147 254 254 254 254 219 18 1 0 0 0 0 0 0 0 0 0 0 0 0 0 0 0 0 0 0 5 134 231 254 254 254 254 251 15 0 0 0 0 0 0 0 0 0 0 0 0 0 0 0 0 0 0 30 212 254 254 247 144 133 173 254 186 4 0 0 0 0 0 0 0 0 0 0 0 0 0 0 0 0 28 222 254 254 148 51 0 0 17 248 204 78 0 0 0 0 0 0 0 0 0 0 0 0 0 0 0 1 134 254 250 100 1 0 0 0 0 184 254 98 0 0 0 0 0 0 0 0 0 0 0 0 0 0 0 50 254 247 76 0 0 0 0 0 0 184 254 98 0 0 0 0 0 0 0 0 0 0 0 0 0 0 0 128 254 208 0 0 0 0 0 0 0 128 254 67 0 0 0 0 0 0 0 0 0 0 0 0 0 0 0 228 254 142 0 0 0 0 0 0 0 176 254 16 0 0 0 0 0 0 0 0 0 0 0 0 0 0 0 183 254 231 63 0 0 0 8 7 38 219 154 4 0 0 0 0 0 0 0 0 0 0 0 0 0 0 0 93 241 254 253 206 206 206 215 214 244 250 0 0 0 0 0 0 0 0 0 0 0 0 0 0 0 0 0 0 56 242 254 254 254 254 254 254 242 86 0 0 0 0 0 0 0 0 0 0 0 0 0 0 0 0 0 0 0 7 114 223 198 165 149 76 44 0 0 0 0 0 0 0 0 0 0 0 0 0 0 0 0 0 0 0 0 0 0 0 0 0 0 0 0 0 0 0 0 0 0 0 0 0 0 0 0 0 0 0 0 0 0 0 0 0 0 0 0 0 0 0 0 0 0 0 0 0 0 0 0 0 0 0 0 0 0 0 0 0 0 0 0 0 0 0 0 0 0 0 0 0 0 0 0 0 0 0 0 0 0 0 0 0 0 0 0 0 0 0 0 0 0 0 0 0 0 0 0 0 0 0 0 0 0 0 0 0 0 0 
0 0 0 0 0 0 0 0 0 0 0 0 0 0 0 0 0 0 0 0 0 0 0 0 0 0 0 0 0 0 0 0 0 0 0 0 0 0 0 0 0 0 0 0 0 0 0 0 0 0 0 0 0 0 0 0 0 0 0 0 0 0 0 0 0 0 0 0 0 0 0 0 0 0 0 0 0 0 0 0 0 0 0 0 0 0 0 0 0 0 0 0 0 0 0 0 0 0 0 0 0 0 0 0 0 0 0 0 0 0 0 0 0 0 0 0 0 0 0 0 0 0 0 0 0 0 10 50 172 120 206 239 171 0 0 0 0 0 0 0 0 0 0 0 0 0 0 0 0 0 0 0 0 0 146 249 254 189 93 115 223 200 14 0 0 0 0 0 0 0 0 0 0 0 0 0 0 0 0 0 0 69 232 218 74 4 0 0 180 160 16 0 0 0 0 0 0 0 0 0 0 0 0 0 0 0 0 0 0 204 196 32 0 0 0 0 78 50 0 0 0 0 0 0 0 0 0 0 0 0 0 0 0 0 0 0 4 222 143 0 0 0 33 22 0 0 0 0 0 0 0 0 0 0 0 0 0 0 0 0 0 0 0 0 23 224 209 8 0 50 84 37 0 0 0 0 0 0 0 0 0 0 0 0 0 0 0 0 0 0 0 0 13 231 244 33 44 210 79 0 0 0 0 0 0 0 0 0 0 0 0 0 0 0 0 0 0 0 0 0 0 84 254 237 196 212 89 0 0 0 0 0 0 0 0 0 0 0 0 0 0 0 0 0 0 0 0 0 0 5 254 254 254 52 0 0 0 0 0 0 0 0 0 0 0 0 0 0 0 0 0 0 0 0 0 0 7 168 254 254 225 0 0 0 0 0 0 0 0 0 0 0 0 0 0 0 0 0 0 0 0 0 0 0 150 254 254 254 250 80 0 0 0 0 0 0 0 0 0 0 0 0 0 0 0 0 0 0 0 0 22 174 254 254 201 87 253 97 0 0 0 0 0 0 0 0 0 0 0 0 0 0 0 0 0 0 0 23 145 254 254 153 12 38 253 78 0 0 0 0 0 0 0 0 0 0 0 0 0 0 0 0 0 0 0 191 254 254 147 10 0 3 196 164 0 0 0 0 0 0 0 0 0 0 0 0 0 0 0 0 0 6 91 252 254 154 13 0 0 0 69 126 0 0 0 0 0 0 0 0 0 0 0 0 0 0 0 0 0 11 227 254 195 8 0 0 0 9 146 51 0 0 0 0 0 0 0 0 0 0 0 0 0 0 0 0 0 11 227 254 94 0 0 0 89 141 172 0 0 0 0 0 0 0 0 0 0 0 0 0 0 0 0 0 0 48 254 249 45 8 4 134 248 158 58 0 0 0 0 0 0 0 0 0 0 0 0 0 0 0 0 0 0 22 235 254 254 254 189 178 140 10 0 0 0 0 0 0 0 0 0 0 0 0 0 0 0 0 0 0 0 0 74 250 254 254 254 165 9 0 0 0 0 0 0 0 0 0 0 0 0 0 0 0 0 0 0 0 0 0 0 0 0 0 0 0 0 0 0 0 0 0 0 0 0 0 0 0 0 0 0 0 0 0 0 0 0 0 0 0 0 0 0 0 0 0 0 0 0 0 0 0 0 0 0 0 0 0 0 0 0 0 0 0 0 0 0 0 0 0 0 0 0 0 0 0 0 0 0 0 0 0 0 0 0 0 0 0 0 0 0 0 0 0 0 0 0 0 0 0 0 0 0 0 0 0 0 0 0 0 0 0 0 0 
0 0 0 0 0 0 0 0 0 0 0 0 0 0 0 0 0 0 0 0 0 0 0 0 0 0 0 0 0 0 0 0 0 0 0 0 0 0 0 0 0 0 0 0 0 0 0 0 0 0 0 0 0 0 0 0 0 0 0 0 0 0 0 0 0 0 0 0 0 0 0 0 0 0 0 0 0 0 0 0 0 0 0 0 0 0 0 0 0 0 0 0 0 0 0 0 0 0 0 0 0 0 0 0 0 0 0 0 0 0 0 0 0 0 0 0 0 0 0 0 0 0 0 0 0 0 6 84 254 255 163 0 0 0 0 0 0 0 0 0 0 0 0 0 0 0 0 0 0 0 0 0 0 4 163 254 234 178 246 82 0 0 0 0 0 0 0 0 0 0 0 0 0 0 0 0 0 0 0 0 55 225 254 129 0 0 140 93 0 0 0 0 0 0 0 0 0 0 0 0 0 0 0 0 0 0 0 63 236 246 88 4 0 0 123 93 0 0 0 0 0 0 0 0 0 0 0 0 0 0 0 0 0 0 26 213 232 70 0 0 0 0 137 58 0 0 0 0 0 0 0 0 0 0 0 0 0 0 0 0 0 5 188 231 77 0 0 0 0 0 193 177 97 0 0 0 0 0 0 0 0 0 0 0 0 0 0 0 0 109 249 127 0 0 0 0 0 47 242 254 68 0 0 0 0 0 0 0 0 0 0 0 0 0 0 0 0 197 235 6 0 0 0 0 26 211 248 89 3 0 0 0 0 0 0 0 0 0 0 0 0 0 0 0 0 137 254 202 25 0 0 23 231 232 109 0 0 0 0 0 0 0 0 0 0 0 0 0 0 0 0 0 0 17 231 254 195 29 6 202 248 128 0 0 0 0 0 0 0 0 0 0 0 0 0 0 0 0 0 0 0 0 56 237 254 215 182 254 147 0 0 0 0 0 0 0 0 0 0 0 0 0 0 0 0 0 0 0 0 0 0 34 205 254 254 206 0 0 0 0 0 0 0 0 0 0 0 0 0 0 0 0 0 0 0 0 0 0 0 0 127 254 254 194 0 0 0 0 0 0 0 0 0 0 0 0 0 0 0 0 0 0 0 0 0 0 0 47 251 207 204 253 86 0 0 0 0 0 0 0 0 0 0 0 0 0 0 0 0 0 0 0 0 0 0 152 239 54 19 221 205 0 0 0 0 0 0 0 0 0 0 0 0 0 0 0 0 0 0 0 0 0 11 229 137 0 0 39 245 23 0 0 0 0 0 0 0 0 0 0 0 0 0 0 0 0 0 0 0 0 22 254 55 0 0 4 254 69 0 0 0 0 0 0 0 0 0 0 0 0 0 0 0 0 0 0 0 0 22 254 67 0 0 120 254 29 0 0 0 0 0 0 0 0 0 0 0 0 0 0 0 0 0 0 0 0 13 233 223 175 206 253 194 1 0 0 0 0 0 0 0 0 0 0 0 0 0 0 0 0 0 0 0 0 0 104 254 254 254 190 11 0 0 0 0 0 0 0 0 0 0 0 0 0 0 0 0 0 0 0 0 0 0 0 0 0 0 0 0 0 0 0 0 0 0 0 0 0 0 0 0 0 0 0 0 0 0 0 0 0 0 0 0 0 0 0 0 0 0 0 0 0 0 0 0 0 0 0 0 0 0 0 0 0 0 0 0 0 0 0 0 0 0 0 0 0 0 0 0 0 0 0 0 0 0 0 0 0 0 0 0 0 0 0 0 0 0 0 0 0 0 0 0 0 0 0 0 0 0 0 0 0 0 0 
0 0 0 0 0 0 0 0 0 0 0 0 0 0 0 0 0 0 0 0 0 0 0 0 0 0 0 0 0 0 0 0 0 0 0 0 0 0 0 0 0 0 0 0 0 0 0 0 0 0 0 0 0 0 0 0 0 0 0 0 0 0 0 0 0 0 0 0 0 0 0 0 0 0 0 0 0 0 0 0 0 0 0 0 0 0 0 0 0 0 0 0 0 0 0 0 0 0 0 0 0 0 0 0 0 0 0 0 0 0 0 0 0 0 0 0 0 0 0 0 0 0 0 0 0 0 0 0 0 0 0 0 0 0 0 0 0 0 0 0 0 0 0 0 0 0 0 0 17 56 128 170 254 156 114 21 0 0 0 0 0 0 0 0 0 0 0 0 0 0 0 0 0 0 0 9 191 252 243 247 243 243 252 202 21 0 0 0 0 0 0 0 0 0 0 0 0 0 0 0 0 0 0 85 253 120 0 36 0 0 76 253 75 0 0 0 0 0 0 0 0 0 0 0 0 0 0 0 0 0 0 72 247 185 41 0 0 0 21 249 36 6 109 35 0 0 0 0 0 0 0 0 0 0 0 0 0 0 0 0 145 224 227 120 18 0 204 164 5 125 246 53 0 0 0 0 0 0 0 0 0 0 0 0 0 0 0 0 8 27 196 228 198 32 210 136 176 253 177 0 0 0 0 0 0 0 0 0 0 0 0 0 0 0 0 0 0 0 0 11 177 253 253 253 248 125 47 0 0 0 0 0 0 0 0 0 0 0 0 0 0 0 0 0 0 0 0 0 6 210 253 253 190 38 0 0 0 0 0 0 0 0 0 0 0 0 0 0 0 0 0 0 0 0 0 0 36 251 253 253 182 32 0 0 0 0 0 0 0 0 0 0 0 0 0 0 0 0 0 0 0 0 0 24 228 253 170 67 211 182 0 0 0 0 0 0 0 0 0 0 0 0 0 0 0 0 0 0 0 0 0 40 253 130 10 0 74 238 67 0 0 0 0 0 0 0 0 0 0 0 0 0 0 0 0 0 0 0 0 103 253 4 0 0 0 169 234 18 0 0 0 0 0 0 0 0 0 0 0 0 0 0 0 0 0 0 0 224 253 4 0 0 0 82 246 194 9 0 0 0 0 0 0 0 0 0 0 0 0 0 0 0 0 0 57 249 253 4 0 0 0 0 59 253 20 0 0 0 0 0 0 0 0 0 0 0 0 0 0 0 0 0 86 253 253 4 0 0 0 0 26 253 59 0 0 0 0 0 0 0 0 0 0 0 0 0 0 0 0 0 59 249 253 4 0 0 0 0 26 253 90 0 0 0 0 0 0 0 0 0 0 0 0 0 0 0 0 0 0 133 253 118 7 0 0 0 39 253 66 0 0 0 0 0 0 0 0 0 0 0 0 0 0 0 0 0 0 40 253 253 122 34 0 61 210 253 20 0 0 0 0 0 0 0 0 0 0 0 0 0 0 0 0 0 0 2 47 207 245 248 244 251 249 146 1 0 0 0 0 0 0 0 0 0 0 0 0 0 0 0 0 0 0 0 0 0 46 177 253 187 100 0 0 0 0 0 0 0 0 0 0 0 0 0 0 0 0 0 0 0 0 0 0 0 0 0 0 0 0 0 0 0 0 0 0 0 0 0 0 0 0 0 0 0 0 0 0 0 0 0 0 0 0 0 0 0 0 0 0 0 0 0 0 0 0 0 0 0 0 0 0 0 0 0 0 0 0 0 0 0 0 0 0 0 0 0 0 0 0 0 0 0 0 0 
0 0 0 0 0 0 0 0 0 0 0 0 0 0 0 0 0 0 0 0 0 0 0 0 0 0 0 0 0 0 0 0 0 0 0 0 0 0 0 0 0 0 0 0 0 0 0 0 0 0 0 0 0 0 0 0 0 0 0 0 0 0 0 0 0 0 0 0 0 0 0 0 0 0 0 0 0 0 0 0 0 0 0 0 0 0 0 0 0 0 0 0 0 0 0 0 0 0 0 0 0 0 0 0 0 0 0 0 0 0 0 0 0 0 0 0 0 0 0 0 0 0 0 0 7 128 188 205 254 200 104 3 0 0 0 0 0 0 0 0 0 0 0 0 0 0 0 0 0 0 0 52 207 254 253 253 253 254 253 120 3 0 0 0 0 0 0 0 0 0 0 0 0 0 0 0 0 5 131 247 253 195 134 117 140 218 253 253 62 0 0 0 0 0 0 0 0 0 0 0 0 0 0 0 0 140 253 235 103 0 0 0 0 8 175 253 97 0 0 0 0 0 0 0 0 0 0 0 0 0 0 0 162 255 178 24 0 0 0 0 0 0 88 254 98 0 88 201 6 0 0 0 0 0 0 0 0 0 0 0 234 254 130 0 0 0 0 0 0 0 9 223 122 100 240 158 0 0 0 0 0 0 0 0 0 0 0 0 192 254 247 83 5 0 0 0 0 5 155 247 253 249 123 18 0 0 0 0 0 0 0 0 0 0 0 0 36 230 253 253 211 73 0 0 0 117 253 253 253 90 0 0 0 0 0 0 0 0 0 0 0 0 0 0 0 55 174 251 254 255 205 116 224 255 251 174 30 0 0 0 0 0 0 0 0 0 0 0 0 0 0 0 0 0 0 92 220 254 253 253 253 233 91 0 0 0 0 0 0 0 0 0 0 0 0 0 0 0 0 0 0 0 0 0 115 254 253 253 253 132 0 0 0 0 0 0 0 0 0 0 0 0 0 0 0 0 0 0 0 0 37 186 252 254 241 193 253 240 36 0 0 0 0 0 0 0 0 0 0 0 0 0 0 0 0 0 0 74 236 254 254 168 0 37 240 255 136 0 0 0 0 0 0 0 0 0 0 0 0 0 0 0 0 0 73 236 253 244 94 0 0 0 97 254 172 0 0 0 0 0 0 0 0 0 0 0 0 0 0 0 0 74 232 254 196 42 0 0 0 0 79 254 172 0 0 0 0 0 0 0 0 0 0 0 0 0 0 0 0 161 253 163 5 0 0 0 0 0 79 254 112 0 0 0 0 0 0 0 0 0 0 0 0 0 0 0 118 254 230 31 0 0 0 2 32 116 224 253 54 0 0 0 0 0 0 0 0 0 0 0 0 0 0 10 204 253 253 214 135 118 165 200 253 253 253 162 0 0 0 0 0 0 0 0 0 0 0 0 0 0 0 16 240 253 253 254 253 253 253 254 208 194 99 12 0 0 0 0 0 0 0 0 0 0 0 0 0 0 0 0 63 175 199 230 217 175 175 92 5 0 0 0 0 0 0 0 0 0 0 0 0 0 0 0 0 0 0 0 0 0 0 0 0 0 0 0 0 0 0 0 0 0 0 0 0 0 0 0 0 0 0 0 0 0 0 0 0 0 0 0 0 0 0 0 0 0 0 0 0 0 0 0 0 0 0 0 0 0 0 0 0 0 0 0 0 0 0 0 0 0 0 0 0 0 0 0 0 0 0 0 0 0 0 0 0 0 0 0 0 0 0 0 0 0 0 0 0 0 0 0 0 0 0 0 0 0 0 0 0 0 0 0 0 0 
0 0 0 0 0 0 0 0 0 0 0 0 0 0 0 0 0 0 0 0 0 0 0 0 0 0 0 0 0 0 0 0 0 0 0 0 0 0 0 0 0 0 0 0 0 0 0 0 0 0 0 0 0 0 0 0 0 0 0 0 0 0 0 0 0 0 0 0 0 0 0 0 0 0 0 0 0 0 0 0 0 0 0 0 0 0 0 0 0 0 0 0 0 0 0 0 0 0 0 0 0 0 0 0 0 0 0 0 0 0 0 0 0 0 0 0 0 0 0 0 0 0 0 0 0 0 155 253 128 19 0 0 0 0 0 0 0 0 0 0 0 0 0 0 0 0 0 0 0 0 0 5 47 130 236 252 253 236 65 0 0 0 0 0 0 0 0 0 0 0 0 0 0 0 0 0 0 0 0 138 252 252 252 168 131 227 183 0 0 0 0 0 0 0 0 0 0 0 0 0 0 0 0 0 0 0 95 253 235 108 119 25 0 161 183 0 0 0 0 0 0 0 0 0 0 0 0 0 0 0 0 0 0 0 116 243 60 0 0 0 11 203 130 0 0 0 0 0 0 0 0 0 0 0 0 0 0 0 0 0 0 0 231 231 0 0 0 0 202 218 32 0 0 0 0 0 0 0 0 0 0 0 0 0 0 0 0 0 0 0 157 234 17 0 0 74 253 92 0 0 0 0 0 0 0 0 0 0 0 0 0 0 0 0 0 0 0 0 116 253 123 0 26 205 205 25 0 0 0 0 0 0 0 0 0 0 0 0 0 0 0 0 0 0 0 0 74 253 223 51 203 252 74 0 0 0 0 0 0 0 0 0 0 0 0 0 0 0 0 0 0 0 0 0 0 96 252 242 252 95 0 0 0 0 0 0 0 0 0 0 0 0 0 0 0 0 0 0 0 0 0 0 0 11 203 253 253 33 0 0 0 0 0 0 0 0 0 0 0 0 0 0 0 0 0 0 0 0 0 0 0 5 178 240 244 211 43 0 0 0 0 0 0 0 0 0 0 0 0 0 0 0 0 0 0 0 0 0 0 24 252 100 99 215 247 163 51 0 0 0 0 0 0 0 0 0 0 0 0 0 0 0 0 0 0 0 0 66 252 69 0 21 56 202 215 113 51 0 0 0 0 0 0 0 0 0 0 0 0 0 0 0 0 0 0 243 231 37 0 0 0 11 80 252 242 53 0 0 0 0 0 0 0 0 0 0 0 0 0 0 0 0 0 255 207 0 0 0 0 0 70 253 253 106 0 0 0 0 0 0 0 0 0 0 0 0 0 0 0 0 0 253 236 44 0 0 5 120 186 252 157 0 0 0 0 0 0 0 0 0 0 0 0 0 0 0 0 0 0 222 252 69 0 32 191 252 252 153 6 0 0 0 0 0 0 0 0 0 0 0 0 0 0 0 0 0 0 138 252 219 207 228 253 193 77 9 0 0 0 0 0 0 0 0 0 0 0 0 0 0 0 0 0 0 0 23 158 252 252 200 128 8 0 0 0 0 0 0 0 0 0 0 0 0 0 0 0 0 0 0 0 0 0 0 0 0 0 0 0 0 0 0 0 0 0 0 0 0 0 0 0 0 0 0 0 0 0 0 0 0 0 0 0 0 0 0 0 0 0 0 0 0 0 0 0 0 0 0 0 0 0 0 0 0 0 0 0 0 0 0 0 0 0 0 0 0 0 0 0 0 0 0 0 0 0 0 0 0 0 0 0 0 0 0 0 0 0 0 0 0 0 0 0 0 0 0 0 0 0 0 0 0 0 0 
0 0 0 0 0 0 0 0 0 0 0 0 0 0 0 0 0 0 0 0 0 0 0 0 0 0 0 0 0 0 0 0 0 0 0 0 0 0 0 0 0 0 0 0 0 0 0 0 0 0 0 0 0 0 0 0 0 0 0 0 0 0 0 0 0 0 0 0 0 0 0 0 0 0 0 0 0 0 0 0 0 0 0 0 0 0 0 0 0 0 0 0 0 0 0 0 0 0 0 0 0 0 0 0 0 0 0 0 0 0 0 0 0 0 0 0 0 0 0 0 0 0 0 0 0 0 0 0 30 40 117 153 132 0 0 0 0 0 0 0 0 0 0 0 0 0 0 0 0 0 0 0 0 0 0 39 90 164 164 128 73 0 0 0 0 0 0 0 0 0 0 0 0 0 0 0 0 0 0 0 16 194 247 251 254 254 254 254 254 188 46 0 0 0 0 0 0 0 0 0 0 0 0 0 0 0 0 65 235 254 243 142 99 99 99 171 254 212 24 0 0 0 0 0 0 0 0 0 0 0 0 0 0 0 16 195 201 87 14 0 0 0 0 52 254 191 5 0 0 0 0 0 0 0 0 0 0 0 0 0 0 0 82 254 175 0 0 0 0 0 0 35 202 125 0 0 0 0 0 0 0 0 0 0 0 0 0 0 0 0 99 254 176 8 0 0 0 0 34 220 150 0 0 0 0 0 0 0 0 0 0 0 0 0 0 0 0 0 120 254 219 29 0 0 0 17 219 188 18 0 0 0 0 0 0 0 0 0 0 0 0 0 0 0 0 0 9 187 254 175 24 0 81 207 195 70 0 0 0 0 0 0 0 0 0 0 0 0 0 0 0 0 0 0 0 22 200 254 206 87 232 214 22 0 0 0 0 0 0 0 0 0 0 0 0 0 0 0 0 0 0 0 0 0 103 249 254 254 249 88 0 0 0 0 0 0 0 0 0 0 0 0 0 0 0 0 0 0 0 0 0 0 84 248 254 254 161 0 0 0 0 0 0 0 0 0 0 0 0 0 0 0 0 0 0 0 0 0 0 37 221 254 254 254 224 7 0 0 0 0 0 0 0 0 0 0 0 0 0 0 0 0 0 0 0 0 45 192 254 216 98 192 254 178 0 0 0 0 0 0 0 0 0 0 0 0 0 0 0 0 0 0 0 50 250 254 207 8 0 110 254 177 5 0 0 0 0 0 0 0 0 0 0 0 0 0 0 0 0 0 29 201 254 177 30 0 0 99 254 234 18 0 0 0 0 0 0 0 0 0 0 0 0 0 0 0 0 0 108 254 197 39 0 0 0 26 239 238 34 0 0 0 0 0 0 0 0 0 0 0 0 0 0 0 0 3 213 254 134 0 0 0 0 45 255 196 0 0 0 0 0 0 0 0 0 0 0 0 0 0 0 0 0 104 254 254 54 0 0 1 123 242 254 77 0 0 0 0 0 0 0 0 0 0 0 0 0 0 0 0 0 104 254 254 214 87 105 188 254 254 131 0 0 0 0 0 0 0 0 0 0 0 0 0 0 0 0 0 0 0 0 0 0 0 0 0 0 0 0 0 0 0 0 0 0 0 0 0 0 0 0 0 0 0 0 0 0 0 0 0 0 0 0 0 0 0 0 0 0 0 0 0 0 0 0 0 0 0 0 0 0 0 0 0 0 0 0 0 0 0 0 0 0 0 0 0 0 0 0 0 0 0 0 0 0 0 0 0 0 0 0 0 0 0 0 0 0 0 0 0 0 0 0 0 0 0 0 0 0 0 0 0 0 0 
0 0 0 0 0 0 0 0 0 0 0 0 0 0 0 0 0 0 0 0 0 0 0 0 0 0 0 0 0 0 0 0 0 0 0 0 0 0 0 0 0 0 0 0 0 0 0 0 0 0 0 0 0 0 0 0 0 0 0 0 0 0 0 0 0 0 0 0 0 0 0 0 0 0 0 0 0 0 0 0 0 0 0 0 0 0 0 0 0 0 0 0 0 0 0 0 0 0 0 0 0 0 0 0 0 0 0 0 0 0 0 0 0 0 0 0 0 0 0 0 0 0 0 0 0 0 0 0 0 0 0 0 0 0 0 0 0 0 0 0 0 0 0 0 0 0 0 0 0 0 0 0 29 45 157 213 213 157 151 169 103 21 0 0 0 0 0 0 0 0 0 0 0 0 0 0 0 0 20 108 176 253 254 254 254 254 254 254 254 246 98 0 0 0 0 0 0 0 0 0 0 0 0 0 0 21 178 254 254 239 165 125 66 95 95 162 237 254 245 22 0 0 0 0 0 0 0 0 0 0 0 0 0 210 254 194 21 10 0 0 0 0 0 0 17 192 254 149 0 0 0 0 0 0 0 0 0 0 0 0 51 245 254 27 0 0 0 0 0 0 0 0 28 201 254 143 0 0 0 0 0 0 0 0 0 0 0 0 0 242 254 215 36 0 0 0 0 0 8 137 243 254 172 6 0 0 0 0 0 0 0 0 0 0 0 0 0 130 232 254 240 77 8 0 0 69 215 254 201 192 31 0 0 0 0 0 0 0 0 0 0 0 0 0 0 0 121 250 254 254 183 138 211 239 254 231 58 0 0 0 0 0 0 0 0 0 0 0 0 0 0 0 0 0 0 131 217 254 254 254 254 254 177 38 0 0 0 0 0 0 0 0 0 0 0 0 0 0 0 0 0 0 0 11 149 254 254 254 254 136 8 0 0 0 0 0 0 0 0 0 0 0 0 0 0 0 0 0 0 0 0 132 254 254 254 241 254 137 8 0 0 0 0 0 0 0 0 0 0 0 0 0 0 0 0 0 0 0 77 235 254 188 77 76 205 243 64 0 0 0 0 0 0 0 0 0 0 0 0 0 0 0 0 0 0 43 246 254 159 6 0 0 202 254 52 0 0 0 0 0 0 0 0 0 0 0 0 0 0 0 0 0 0 223 254 160 6 0 0 0 58 254 120 0 0 0 0 0 0 0 0 0 0 0 0 0 0 0 0 0 32 248 249 49 0 0 0 0 23 235 214 49 0 0 0 0 0 0 0 0 0 0 0 0 0 0 0 0 116 254 189 0 0 0 0 0 16 227 218 0 0 0 0 0 0 0 0 0 0 0 0 0 0 0 0 0 179 254 193 2 0 0 0 0 107 254 104 0 0 0 0 0 0 0 0 0 0 0 0 0 0 0 0 0 47 250 254 109 77 9 9 98 242 255 81 0 0 0 0 0 0 0 0 0 0 0 0 0 0 0 0 0 0 211 254 254 254 255 254 254 254 180 33 0 0 0 0 0 0 0 0 0 0 0 0 0 0 0 0 0 0 132 249 254 254 254 254 136 82 15 0 0 0 0 0 0 0 0 0 0 0 0 0 0 0 0 0 0 0 0 0 0 0 0 0 0 0 0 0 0 0 0 0 0 0 0 0 0 0 0 0 0 0 0 0 0 0 0 0 0 0 0 0 0 0 0 0 0 0 0 0 0 0 0 0 0 0 0 0 0 0 0 0 0 0 0 0 0 0 0 0 0 0 0 0 0 0 0 0 0 0 0 0 0 
 